id,load
1,2456.0425
1,2570.665
1,2389.27
1,2330.2925
1,2244.045
1,2139.9975
1,2044.2925
1,2005.3425
1,2048.7425
1,1931.3375
1,1854.55
1,1858.4475
1,1747.1625
1,1805.0275
1,1799.4675
1,1862.8975
1,1883.485
1,1851.21
1,1925.215
1,1871.245
1,1896.84
1,2015.9125
1,1970.8425
1,1945.2475
1,1953.595
1,2078.23
1,2091.5875
1,2073.2225
1,1981.9725
1,1958.6025
1,1980.3025
1,2022.035
1,2333.63
1,2394.28
1,2325.285
1,2318.605
1,1959.1575
1,2297.4625
1,2237.3675
1,2141.1075
1,2045.405
1,1951.9225
1,1966.9475
1,1919.0975
1,1965.835
1,2017.025
1,2019.25
1,1973.625
1,1959.715
1,2059.31
1,2044.8475
1,2017.5825
1,2009.7925
1,2032.0525
1,2028.7125
1,2101.045
1,2719.23
1,2946.25
1,2924.55
1,2788.225
1,2116.625
1,2828.845
1,2860.005
1,2669.7075
1,2310.2625
1,2373.695
1,2160.585
1,1991.43
1,1975.2975
1,2012.015
1,1963.615
1,1964.725
1,1951.925
1,2007.01
1,2005.895
1,2078.7875
1,2109.39
1,2196.195
1,2642.4425
1,3439.2375
1,5523.035
1,7231.2475
1,7352.5475
1,7314.155
1,3993.9875
1,4973.2925
1,6842.8675
1,7326.95
1,7424.8825
1,6689.295
1,5173.6025
1,4843.09
1,5517.4725
1,5577.565
1,5111.28
1,4400.7325
1,3412.53
1,3997.885
1,4062.43
1,4046.8475
1,4041.8425
1,4149.79
1,4376.2525
1,4530.3825
1,7660.25
1,8368.5725
1,8171.045
1,8459.8275
1,4996.6625
1,8005.7875
1,8173.8275
1,7967.395
1,8271.7575
1,7133.875
1,5395.615
1,5131.315
1,6324.28
1,6485.64
1,5923.6575
1,4435.23
1,3759.735
1,4125.8625
1,4202.6475
1,4246.0475
1,4178.1675
1,4313.375
1,4343.98
1,4573.225
1,7675.83
1,8852.105
1,8355.2175
1,8345.2025
1,5094.59
1,8028.0425
1,8762.5175
1,8221.6775
1,8130.4225
1,6986.42
1,5375.585
1,5047.2975
1,5678.2775
1,5303.25
1,4928.7775
1,4642.2225
1,3844.3125
1,4238.26
1,4280.5475
1,4301.69
1,4293.345
1,4228.245
1,4624.9725
1,4939.35
1,7899.51
1,9057.9775
1,8769.1975
1,8424.215
1,5128.535
1,7980.7475
1,8372.465
1,7918.4275
1,7794.905
1,6737.7025
1,5626.53
1,4886.49
1,5438.4575
1,5248.1625
1,4832.5175
1,4514.245
1,3766.97
1,4220.455
1,4292.7875
1,4356.7775
1,4256.065
1,4271.0875
1,4444.6875
1,4701.755
1,7985.7525
1,8758.0675
1,8273.425
1,8110.395
1,4860.8925
1,7824.95
1,8080.3475
1,7651.3475
1,7453.2575
1,6634.21
1,5332.74
1,4600.49
1,4916.535
1,4993.8825
1,4706.765
1,4343.4225
1,3699.645
1,3872.1375
1,3926.6625
1,3874.915
1,4043.5125
1,3702.4275
1,3986.755
1,3839.8625
1,5723.3425
1,6334.295
1,6150.1225
1,5859.1125
1,3493.7675
1,5593.7
1,5578.6775
1,5234.81
1,4587.6925
1,3549.9675
1,3443.1325
1,3477.0725
1,3812.04
1,3758.625
1,3664.59
1,3558.3125
1,3140.44
1,3321.2775
1,3295.6825
1,3271.755
1,3100.3775
1,2827.175
1,2774.8725
1,2819.385
1,3458.715
1,3760.8525
1,3729.69
1,3475.405
1,2784.33
1,3652.905
1,3704.6525
1,3360.2275
1,2986.3125
1,2970.7325
1,2780.435
1,2657.465
1,2689.74
1,2882.82
1,2855.5525
1,2787.1125
1,2773.205
1,2822.1675
1,2730.355
1,2743.7125
1,2811.0375
1,2887.825
1,3198.8625
1,3921.6575
1,6722.6775
1,7377.0325
1,7405.405
1,7856.11
1,4606.61
1,7424.325
1,7581.795
1,7023.1475
1,6699.31
1,5168.0375
1,4623.3
1,4509.235
1,4850.3225
1,4662.2525
1,4691.185
1,4494.77
1,3886.6
1,4152.57
1,3988.425
1,3857.6675
1,3711.885
1,3467.06
1,3631.205
1,4391.8325
1,7621.3
1,8749.165
1,8363.565
1,8043.0675
1,4722.9
1,7132.76
1,8157.6875
1,7743.71
1,7936.79
1,7043.1775
1,5740.595
1,5489.6525
1,6358.2225
1,6226.905
1,5791.2325
1,4879.255
1,3961.7175
1,4394.0575
1,4543.735
1,4576.0075
1,4651.68
1,4604.385
1,4743.49
1,5044.5125
1,8301.245
1,9175.9375
1,9056.3075
1,8901.0675
1,5615.4
1,8188.8475
1,8473.735
1,8272.3125
1,8312.93
1,7250.7225
1,5955.93
1,5661.585
1,6042.175
1,5626.5325
1,5158.0225
1,4776.32
1,3982.305
1,4386.8225
1,4472.5125
1,4543.1775
1,4747.9425
1,4588.805
1,4763.5175
1,5165.26
1,8408.0775
1,9072.445
1,8697.975
1,8807.0325
1,4741.2625
1,8021.9225
1,8296.795
1,7877.8075
1,8189.96
1,7278.545
1,6285.8925
1,5313.8225
1,5274.8725
1,5244.2675
1,5098.485
1,4837.525
1,3996.77
1,4229.3575
1,4254.9525
1,4346.7625
1,4386.825
1,4422.435
1,4632.765
1,4947.14
1,7747.0525
1,8548.8525
1,8258.955
1,8366.3475
1,4942.1325
1,7614.0675
1,7580.68
1,7211.775
1,7478.855
1,6680.39
1,5595.3675
1,4708.99
1,5435.1225
1,5047.2975
1,4685.6225
1,4415.7575
1,3562.7625
1,3746.3825
1,3790.8975
1,4125.305
1,4022.37
1,3912.1975
1,3525.485
1,3420.3175
1,5968.73
1,6642.555
1,6349.8775
1,6057.2
1,3683.5075
1,6127.865
1,6190.74
1,5570.8875
1,4965.505
1,3442.5775
1,3334.075
1,3426.9975
1,3948.365
1,3887.715
1,3696.305
1,3495.435
1,2933.45
1,3117.6275
1,3125.9725
1,3119.2975
1,2973.5125
1,2698.085
1,2639.105
1,2660.8025
1,3226.1275
1,3539.395
1,3518.2525
1,3394.7275
1,2788.7825
1,3645.67
1,3707.9875
1,3442.5775
1,3236.7025
1,3113.175
1,2767.6375
1,2662.475
1,2857.2225
1,2750.945
1,2708.105
1,2568.9975
1,2506.1225
1,2562.875
1,2592.365
1,2676.94
1,2639.66
1,2828.845
1,3131.5375
1,4001.7775
1,7375.92
1,8608.945
1,8421.435
1,8565.545
1,5376.6975
1,5953.1525
1,8090.3625
1,8056.9775
1,8340.7525
1,7809.9275
1,6969.7275
1,6205.205
1,6061.095
1,5884.71
1,5745.605
1,5291.01
1,4267.7475
1,4794.1225
1,4726.7975
1,4666.7025
1,4758.515
1,4519.8075
1,4700.645
1,5156.91
1,8301.2475
1,9284.4425
1,8866.57
1,9048.515
1,5795.125
1,8654.0175
1,8751.39
1,8434.23
1,8686.2875
1,8028.6
1,7117.7375
1,5780.6575
1,6165.7
1,6270.865
1,6122.8575
1,5505.7875
1,4292.7875
1,4646.115
1,4611.0625
1,4676.165
1,4883.71
1,4681.725
1,4838.0825
1,5328.845
1,8260.6275
1,9476.9625
1,9329.5125
1,9260.515
1,6221.8975
1,8965.6125
1,8946.1375
1,8755.845
1,9028.4875
1,7845.5375
1,6354.33
1,5589.805
1,6152.3475
1,6243.0425
1,5862.4525
1,5169.71
1,4231.5825
1,4676.16
1,4699.5325
1,4702.87
1,4850.32
1,4681.17
1,4919.32
1,5236.48
1,8390.83
1,9239.37
1,8954.4825
1,8757.51
1,5631.5375
1,8483.195
1,8605.05
1,8435.34
1,8625.0825
1,7655.7975
1,6402.1775
1,5487.4225
1,5934.23
1,6013.24
1,5470.73
1,5242.0425
1,4416.87
1,4748.4975
1,5035.055
1,4826.9525
1,4794.1225
1,4789.6725
1,4943.245
1,5325.5075
1,8362.45
1,8861.5625
1,9075.7825
1,9007.345
1,5650.455
1,8711.885
1,8563.32
1,7975.7375
1,8280.6575
1,7298.575
1,5912.53
1,5292.1175
1,6177.3875
1,5942.02
1,5505.785
1,5072.3375
1,4110.2825
1,4509.7925
1,4496.995
1,4494.2125
1,4550.4125
1,4254.9525
1,4333.9625
1,4189.85
1,6120.075
1,6745.4925
1,6665.925
1,6320.9425
1,4002.8925
1,6190.7375
1,6223.5675
1,5775.65
1,5003.3375
1,3741.93
1,3634.5425
1,3676.2725
1,4007.3475
1,3997.885
1,3878.81
1,3772.535
1,3383.0375
1,3497.1075
1,3453.705
1,3381.3725
1,3296.2375
1,3176.6075
1,3186.0675
1,3265.08
1,3899.955
1,4209.325
1,4208.2125
1,4138.105
1,3672.38
1,4056.31
1,4123.08
1,4175.94
1,3920.545
1,3638.9925
1,3784.775
1,3289.0075
1,3283.44
1,3297.9075
1,3268.415
1,3196.64
1,3137.6575
1,3231.135
1,3199.4175
1,3215.0025
1,3219.4525
1,3311.26
1,3867.6825
1,4826.3975
1,7701.9825
1,9021.8075
1,8904.965
1,9101.935
1,6049.4075
1,7280.77
1,8551.08
1,8511.0175
1,8642.885
1,7858.8925
1,6577.4525
1,5694.97
1,6091.6975
1,6086.69
1,5796.7975
1,5348.875
1,4369.575
1,4729.0225
1,4586.58
1,4496.995
1,4552.08
1,4474.1825
1,4537.0575
1,5100.7125
1,8092.03
1,9148.1175
1,8849.8775
1,9016.2475
1,5610.95
1,8566.1
1,8773.09
1,8243.3775
1,8474.2925
1,7657.4675
1,6392.1625
1,5639.33
1,5794.57
1,6013.7975
1,5910.8625
1,5076.23
1,4074.6725
1,4521.4775
1,4495.88
1,4450.255
1,4548.7425
1,4434.1225
1,4528.1525
1,4830.8475
1,7819.385
1,8807.59
1,8557.755
1,8268.4175
1,5269.865
1,7997.9975
1,7935.1225
1,7742.045
1,7938.46
1,6829.51
1,5600.3775
1,5257.0675
1,6048.2975
1,6338.7475
1,5951.48
1,5504.1175
1,4643.3325
1,4675.0475
1,4383.4875
1,4287.78
1,4299.465
1,4252.7275
1,4359.555
1,4889.2725
1,8131.54
1,9099.1525
1,8829.845
1,8766.97
1,5064.5425
1,8462.05
1,8913.865
1,8692.4125
1,8712.4425
1,7300.245
1,5906.965
1,5239.8175
1,6103.3825
1,5944.8
1,5725.57
1,5597.5925
1,4469.7325
1,4716.2275
1,4692.2975
1,4665.035
1,4597.705
1,4755.7325
1,4604.3825
1,4740.7075
1,7645.225
1,8005.785
1,7995.215
1,7884.4875
1,5210.8825
1,7863.9
1,7993.545
1,7697.53
1,7656.9075
1,6495.1025
1,5326.0625
1,4827.51
1,5257.065
1,5136.3225
1,4997.2175
1,4696.75
1,3849.32
1,4038.5025
1,4080.235
1,4251.615
1,4212.6625
1,3978.9675
1,3797.015
1,3749.7225
1,5471.845
1,5856.8875
1,5749.5
1,5757.845
1,3976.74
1,5673.27
1,5598.1525
1,5319.385
1,4660.58
1,3434.2275
1,3386.935
1,3591.695
1,3811.4825
1,3819.2775
1,3632.87
1,3460.3825
1,2991.8775
1,3072.0025
1,2972.4
1,2980.7475
1,2918.4275
1,2802.135
1,2769.3075
1,2800.465
1,3215.5575
1,3345.2025
1,3471.5125
1,3411.975
1,2742.0425
1,3287.8925
1,3366.905
1,3772.535
1,3719.1175
1,3156.5775
1,2969.0625
1,2838.8625
1,2834.4075
1,2734.8125
1,2765.9675
1,2701.4225
1,2679.7225
1,2706.99
1,2720.345
1,2777.655
1,2840.53
1,2946.25
1,3559.9825
1,4451.9225
1,5712.2175
1,8372.4675
1,8498.22
1,8552.1925
1,5821.835
1,6574.115
1,8245.045
1,8251.725
1,8407.5225
1,7881.7025
1,6682.0625
1,5571.4425
1,6166.2575
1,6344.87
1,6261.4075
1,5522.4775
1,4385.155
1,4740.1525
1,4771.8675
1,4647.2275
1,4814.1525
1,4658.915
1,4564.8775
1,5071.225
1,8083.685
1,8600.0425
1,8640.665
1,8659.025
1,5041.175
1,8148.785
1,8760.295
1,8306.81
1,8293.455
1,7092.1425
1,6224.125
1,5922.5425
1,6558.535
1,6628.6425
1,6396.62
1,5396.7275
1,4172.0425
1,4499.775
1,4527.5975
1,4605.4975
1,4682.2825
1,4741.82
1,4617.1825
1,4854.2175
1,7812.71
1,8884.9325
1,8721.9
1,8520.475
1,5587.025
1,8193.3
1,8352.4325
1,8032.495
1,8341.3075
1,6998.105
1,5435.6775
1,4908.7475
1,5689.96
1,5959.8275
1,5510.2375
1,5054.525
1,4029.6
1,4502.0025
1,4433.005
1,4449.6975
1,4617.1825
1,4447.475
1,4328.955
1,4905.4075
1,8186.065
1,8950.59
1,8909.97
1,8803.1375
1,5206.43
1,8354.1075
1,8645.1125
1,8163.255
1,7942.91
1,6935.2325
1,5610.39
1,5000.555
1,5811.8175
1,5834.63
1,5568.1075
1,4875.9175
1,3822.6125
1,4323.3925
1,4371.24
1,4322.2775
1,4506.4525
1,4283.8875
1,4275.54
1,4670.5975
1,7429.89
1,8508.79
1,7887.825
1,7429.335
1,4287.7825
1,7195.0825
1,6812.265
1,6077.7875
1,5286.5575
1,4688.4025
1,4086.3575
1,3835.4125
1,4042.9525
1,3916.0925
1,3694.08
1,3393.6125
1,2824.3925
1,3172.16
1,3062.5425
1,3028.5975
1,2967.395
1,2733.695
1,2709.77
1,2679.7225
1,3646.78
1,3883.265
1,3710.7725
1,3622.3025
1,2612.955
1,3470.9525
1,3377.4775
1,2916.2025
1,2279.1
1,2285.7775
1,2297.46
1,2291.8975
1,2334.185
1,2303.0275
1,2198.975
1,2134.9875
1,2037.6125
1,2009.2375
1,1905.1875
1,1887.3775
1,1860.1175
1,1860.6725
1,1886.2675
1,1828.9575
1,1772.7575
1,1759.4025
1,1736.5875
1,1679.835
1,1649.2325
1,1670.375
1,1663.14
1,1626.42
1,1596.9275
1,1632.5375
1,1685.9525
1,1696.5275
1,1699.3125
1,1710.44
1,1716.56
1,1743.825
1,1732.14
1,1753.28
1,1769.4175
1,1781.6575
1,1800.0225
1,1796.1275
1,1770.53
1,1730.47
1,1714.8925
1,1689.295
1,1646.4475
1,1618.63
1,1586.355
1,1580.235
1,1573.0025
1,1554.6425
1,1565.77
1,1569.1075
1,1650.345
1,1678.1625
1,1678.725
1,1668.7075
1,1665.37
1,1662.585
1,1653.125
1,1674.275
1,1675.9425
1,1669.8175
1,1688.18
1,1697.64
1,1703.7625
1,1645.8925
1,1709.325
1,1732.695
1,1747.1625
1,1721.5675
1,1644.78
1,1712.11
1,1650.9025
1,1609.17
1,1594.1475
1,1581.35
1,1633.095
1,1662.5875
1,1704.3175
1,1707.6575
1,1721.01
1,1738.26
1,1757.175
1,1778.8775
1,1790.005
1,1805.03
1,1823.3925
1,1841.1975
1,1930.78
1,2172.2675
1,3432.0075
1,3799.7975
1,3792.01
1,3729.135
1,2695.3025
1,3845.985
1,4008.4575
1,4046.295
1,3607.28
1,2596.8175
1,2535.0525
1,2529.49
1,2629.09
1,2562.8725
1,2528.935
1,2498.3325
1,2361.4525
1,2447.1425
1,2432.1175
1,2424.88
1,2419.875
1,2397.6175
1,2715.3325
1,3794.79
1,7143.89
1,8172.1575
1,7931.78
1,8262.295
1,4414.645
1,7425.995
1,7792.12
1,6959.715
1,6956.375
1,6167.37
1,5057.3125
1,4238.26
1,4676.1625
1,4784.11
1,4666.7025
1,4557.09
1,3594.48
1,3830.96
1,3590.0275
1,3459.2725
1,3565.5475
1,3632.875
1,3676.275
1,3746.94
1,7088.805
1,7757.065
1,7817.715
1,7961.83
1,4973.2925
1,7928.445
1,7760.405
1,7332.515
1,7609.0575
1,6601.38
1,5354.44
1,4685.6175
1,5192.5225
1,4740.1475
1,4827.51
1,4622.7475
1,3803.695
1,4106.3875
1,4028.49
1,3767.5275
1,3903.2925
1,3695.75
1,3488.7575
1,3480.97
1,5140.2175
1,5327.73
1,5153.57
1,5010.0125
1,3411.975
1,4958.825
1,5089.5825
1,4944.915
1,4608.2775
1,3463.72
1,3392.5025
1,3316.8275
1,3455.375
1,3399.7325
1,3348.54
1,3227.245
1,2828.2875
1,2977.41
1,2944.5775
1,2853.8825
1,2814.375
1,2686.9575
1,2648.565
1,2667.4825
1,3401.9575
1,3644.5575
1,3776.985
1,3720.23
1,2890.0525
1,3825.395
1,4131.985
1,3897.73
1,3302.9175
1,3025.8175
1,2880.59
1,2789.34
1,2852.77
1,2880.035
1,2896.1725
1,2897.2825
1,2910.0825
1,2920.655
1,2931.225
1,2969.0625
1,3008.01
1,3085.91
1,3435.3425
1,4391.83
1,7289.67
1,8561.095
1,8360.2275
1,8653.46
1,5317.7175
1,6955.265
1,8384.7075
1,8369.685
1,8635.0975
1,7461.6075
1,5924.77
1,5157.465
1,5702.76
1,5689.9625
1,5466.28
1,5117.96
1,4365.1225
1,4826.9525
1,4862.0075
1,4708.435
1,4840.305
1,4647.2275
1,4848.095
1,4978.2975
1,7819.9425
1,8619.5175
1,8411.415
1,8798.1275
1,5150.7875
1,8164.9225
1,8407.5225
1,8191.075
1,8013.575
1,6800.0225
1,5732.25
1,5502.4475
1,6340.4175
1,6370.465
1,6123.4125
1,5596.4825
1,4451.925
1,4574.335
1,4483.085
1,4543.7325
1,4612.175
1,4430.2275
1,4563.2075
1,4790.7825
1,7792.6775
1,8590.5825
1,8556.645
1,8999.5525
1,5554.75
1,8307.9225
1,8680.725
1,8277.875
1,7912.8625
1,6788.8925
1,5698.865
1,4833.63
1,5631.5375
1,5546.405
1,5271.535
1,4976.075
1,4136.4325
1,4530.3775
1,4375.1375
1,4384.5975
1,4533.1625
1,4468.06
1,4711.7725
1,4733.475
1,7754.8425
1,8406.41
1,8317.94
1,8608.39
1,5503.5625
1,8157.6925
1,7952.37
1,7805.4725
1,7704.7625
1,7068.2175
1,5658.8025
1,4845.87
1,5538.06
1,5608.165
1,5309.9275
1,4834.7425
1,4104.16
1,4379.0325
1,4292.2325
1,4274.4275
1,4216.5575
1,4065.77
1,4287.225
1,4285.0
1,7465.5025
1,8379.7
1,8207.7675
1,8071.4425
1,4937.1225
1,7925.105
1,7724.2375
1,7418.2025
1,7298.0175
1,6095.0375
1,4833.63
1,4384.5975
1,5359.445
1,5150.79
1,4904.2975
1,4582.13
1,3758.065
1,4177.0525
1,4070.775
1,3931.6725
1,4085.8
1,3702.9825
1,3405.8525
1,3340.195
1,5216.4475
1,5565.88
1,5370.575
1,5105.1625
1,3188.85
1,5106.8325
1,4972.18
1,4742.935
1,4035.725
1,2857.7775
1,2912.3075
1,2922.3225
1,3178.8325
1,3103.16
1,3019.695
1,2946.8075
1,2713.6675
1,2773.7575
1,2804.365
1,2791.01
1,2661.9175
1,2588.4725
1,2605.72
1,2616.2925
1,3209.44
1,3490.985
1,3562.7625
1,3603.3825
1,3008.5675
1,3976.185
1,3947.81
1,3317.9375
1,2970.175
1,2573.4475
1,2525.5975
1,2520.03
1,2596.26
1,2568.44
1,2510.5725
1,2521.1425
1,2505.0075
1,2510.015
1,2506.1225
1,2510.5725
1,2605.1625
1,2760.96
1,3089.805
1,3858.2225
1,7078.79
1,8251.165
1,8090.9175
1,8236.1425
1,4999.995
1,5675.495
1,8043.62
1,7922.3225
1,8157.685
1,7107.165
1,5870.24
1,5333.295
1,6146.2275
1,6519.03
1,5829.6225
1,6233.585
1,5082.35
1,4744.045
1,4527.0425
1,4528.155
1,4514.8025
1,4429.1125
1,4385.1525
1,4366.235
1,6999.2175
1,8321.8325
1,7754.2825
1,8074.7825
1,5262.075
1,8199.42
1,7948.475
1,7523.37
1,7599.6
1,6601.38
1,5487.98
1,4756.845
1,5323.28
1,5586.4675
1,5169.15
1,4904.85
1,3933.34
1,4579.9025
1,4648.8975
1,4609.3925
1,4500.3325
1,4521.4775
1,4368.46
1,4552.08
1,7775.985
1,8456.485
1,8226.1275
1,8762.52
1,5488.5375
1,8278.4325
1,8433.1175
1,7984.645
1,7916.2025
1,6924.66
1,5467.95
1,5679.3875
1,6606.9425
1,6645.8925
1,6308.145
1,6220.785
1,4723.4575
1,4665.59
1,4464.7225
1,4360.67
1,4619.4075
1,4664.4775
1,4495.88
1,4782.995
1,7953.4825
1,8557.7575
1,8164.92
1,8673.495
1,5316.05
1,7947.92
1,8032.4925
1,7735.365
1,7937.345
1,6766.08
1,5545.85
1,4943.8025
1,5429.5575
1,5560.315
1,5391.1625
1,4898.1725
1,3909.415
1,4616.625
1,4328.4
1,4205.985
1,4236.5875
1,4336.1875
1,4365.1225
1,4455.8175
1,7357.555
1,8113.1775
1,7746.495
1,7695.8575
1,3952.26
1,6795.0125
1,7367.57
1,6989.76
1,6852.325
1,5810.705
1,4785.7775
1,4238.815
1,4717.895
1,4683.9525
1,4500.89
1,4066.3225
1,3260.625
1,3635.0975
1,3697.975
1,3730.245
1,3560.5375
1,3276.2075
1,3054.195
1,2896.7275
1,4450.255
1,4857.555
1,4673.38
1,4622.19
1,2989.0925
1,4705.655
1,4730.135
1,4208.21
1,3484.3075
1,2592.9225
1,2541.175
1,2681.395
1,2996.3275
1,2944.5825
1,2765.4125
1,2665.8125
1,2514.465
1,2565.6575
1,2587.3575
1,2571.7775
1,2513.355
1,2475.52
1,2438.795
1,2473.2925
1,2927.3325
1,2963.4975
1,2955.7075
1,2949.5875
1,2452.1475
1,3261.74
1,3442.0225
1,2848.875
1,2718.1175
1,2514.465
1,2442.6875
1,2377.585
1,2577.3425
1,2743.155
1,2651.3475
1,2768.75
1,2750.39
1,2746.495
1,2692.52
1,2562.875
1,2699.2
1,2887.2725
1,3277.32
1,3899.9575
1,6921.88
1,7769.8625
1,7885.5975
1,8181.06
1,4849.765
1,6267.525
1,7119.41
1,7129.4225
1,7437.6775
1,6485.6425
1,5429.0025
1,5420.0975
1,6480.635
1,6662.585
1,6077.23
1,5555.865
1,4319.495
1,4422.435
1,4329.5125
1,4305.03
1,4336.1875
1,4026.82
1,3764.745
1,3787.56
1,5743.38
1,6057.2
1,5772.3125
1,5675.4925
1,3637.325
1,5685.5125
1,5859.115
1,5511.35
1,4830.295
1,3802.025
1,3709.1025
1,3508.7925
1,4023.48
1,3872.6925
1,3751.3925
1,3470.3975
1,3154.9075
1,3202.7575
1,3218.34
1,3324.06
1,3257.845
1,3113.73
1,3354.6625
1,3972.8475
1,5073.4475
1,7822.165
1,7906.7425
1,7909.525
1,4567.66
1,7902.2925
1,7960.16
1,7501.1125
1,7404.8525
1,6337.6375
1,4729.5775
1,4892.61
1,6244.7125
1,5885.2675
1,5840.1975
1,5361.6725
1,4362.34
1,4000.665
1,3917.76
1,3982.86
1,4051.3025
1,3892.7225
1,3901.0675
1,4004.005
1,6864.5675
1,7314.155
1,7711.44
1,7184.51
1,3926.105
1,6869.5725
1,7152.2375
1,6989.7625
1,6815.6025
1,5854.1075
1,4980.525
1,4335.0775
1,4960.4925
1,4975.5175
1,4730.6925
1,4259.9625
1,3415.87
1,3848.765
1,3714.6675
1,3633.43
1,3908.3025
1,3927.22
1,3906.63
1,3929.445
1,6823.95
1,7984.645
1,7866.125
1,7990.2075
1,5065.1
1,7741.4875
1,7897.84
1,7675.2725
1,7606.8325
1,6821.1675
1,5588.1375
1,4889.83
1,5217.56
1,5250.39
1,4810.815
1,4414.645
1,3616.735
1,3937.235
1,4022.9225
1,3906.075
1,3897.1725
1,3659.025
1,3380.2575
1,3225.0175
1,4768.5275
1,5158.0225
1,4998.8875
1,4815.825
1,3159.3575
1,4717.895
1,4659.47
1,4434.12
1,3740.2625
1,2703.0925
1,2706.99
1,2803.805
1,3123.75
1,3256.175
1,2952.37
1,2822.1675
1,2620.1875
1,2602.3825
1,2602.3825
1,2557.865
1,2498.8875
1,2362.0075
1,2340.865
1,2369.795
1,2778.765
1,2982.4175
1,2996.3275
1,3044.7375
1,2674.715
1,3546.63
1,3557.2
1,3068.1075
1,2789.3375
1,2656.355
1,2597.3725
1,2607.945
1,2627.9775
1,2602.9375
1,2529.49
1,2564.545
1,2580.68
1,2613.51
1,2574.56
1,2553.9725
1,2526.7075
1,2718.6725
1,3035.835
1,3629.535
1,6230.8025
1,7824.3925
1,7364.79
1,7645.2225
1,4422.99
1,5130.2025
1,7578.455
1,7497.775
1,7608.5025
1,6502.34
1,5282.105
1,4617.18
1,4830.29
1,5000.5575
1,5119.075
1,4955.485
1,3719.1175
1,3862.675
1,3794.235
1,3869.9075
1,3888.825
1,3661.8075
1,3461.495
1,3551.08
1,6798.3525
1,7917.3175
1,7740.93
1,7634.655
1,4286.11
1,7627.42
1,7681.3925
1,7348.095
1,7192.3
1,6207.9875
1,5287.1125
1,4709.5475
1,5639.8825
1,5839.0825
1,5423.9925
1,4815.2675
1,3784.775
1,4207.655
1,4266.0775
1,4330.625
1,4326.1725
1,4292.2325
1,3973.4025
1,4453.0375
1,7838.3025
1,8448.1425
1,8665.7
1,8629.535
1,5131.315
1,8073.1125
1,8141.5525
1,7948.475
1,8167.1475
1,6833.9625
1,5586.465
1,4754.06
1,5124.6375
1,5211.4375
1,5096.2625
1,4740.705
1,3923.325
1,4223.795
1,4075.2275
1,4071.89
1,4325.06
1,4229.355
1,4147.565
1,4644.445
1,7600.155
1,8159.915
1,7660.2475
1,7853.325
1,4741.265
1,7651.345
1,7272.98
1,6988.09
1,7010.905
1,6189.625
1,5013.355
1,4470.8425
1,4871.4675
1,5045.625
1,4896.5075
1,4601.6025
1,3824.28
1,4109.725
1,3874.915
1,3854.3275
1,4059.65
1,4109.725
1,4130.31
1,4407.4125
1,7499.4425
1,8052.5275
1,7637.9925
1,7745.38
1,4567.105
1,7356.4425
1,7067.6625
1,6953.0375
1,6726.02
1,5791.2325
1,4674.495
1,4154.795
1,4671.155
1,4721.7875
1,4583.24
1,4305.585
1,3332.405
1,3798.13
1,3847.095
1,3981.1925
1,3818.72
1,3583.9075
1,3230.58
1,3024.1475
1,4414.0875
1,4759.07
1,4662.8075
1,4463.6075
1,3003.56
1,4343.42
1,4130.8725
1,3846.5375
1,3346.315
1,2361.45
1,2360.3375
1,2466.615
1,2616.8475
1,2600.7125
1,2538.395
1,2501.6675
1,2329.1775
1,2439.3475
1,2447.6975
1,2448.2525
1,2383.7075
1,2294.1225
1,2251.28
1,2250.165
1,2666.9275
1,2764.3
1,2748.7175
1,2671.935
1,2121.635
1,2549.52
1,2592.3625
1,2576.2275
1,2520.0325
1,2203.985
1,2293.5675
1,2131.65
1,2117.7375
1,2157.8
1,2155.0175
1,2172.2675
1,2188.96
1,2177.83
1,2156.1325
1,2215.67
1,2280.77
1,2380.37
1,2804.36
1,3498.775
1,6644.2225
1,7535.6075
1,7694.19
1,7580.125
1,4363.4525
1,6086.135
1,7685.8425
1,7365.9025
1,7557.8675
1,6892.945
1,5666.5925
1,4849.21
1,5322.725
1,5140.2175
1,5560.3175
1,4892.6125
1,3652.905
1,4167.035
1,4277.765
1,4371.2425
1,4514.8
1,4635.545
1,4557.09
1,4266.6375
1,7318.605
1,8213.33
1,7659.1375
1,7726.4625
1,4613.845
1,7461.05
1,8033.605
1,7553.97
1,7720.3425
1,6574.6725
1,5485.1975
1,4752.9475
1,5615.9575
1,5839.6375
1,5335.5225
1,4814.155
1,3383.04
1,4032.94
1,4101.935
1,4160.36
1,4172.0425
1,4149.7875
1,4008.4575
1,4104.72
1,6967.505
1,7960.7175
1,7717.56
1,7587.915
1,5025.5925
1,7719.785
1,7768.1925
1,7399.845
1,7220.1225
1,6156.245
1,5075.115
1,4840.3075
1,5791.7875
1,5962.6075
1,5413.9775
1,4731.8025
1,3373.5825
1,3871.58
1,3908.3
1,3886.045
1,4049.0775
1,4008.4575
1,4108.6125
1,3852.6575
1,6985.31
1,7694.745
1,7358.1125
1,7451.035
1,4407.4125
1,7364.235
1,7143.89
1,6894.6125
1,7020.9225
1,6138.9925
1,4781.88
1,4540.3925
1,5765.0775
1,5603.16
1,5598.1525
1,4642.22
1,3257.29
1,3813.71
1,3894.39
1,3839.86
1,4072.445
1,4152.015
1,4295.015
1,4228.7975
1,7024.8175
1,7830.5125
1,7733.695
1,7780.9925
1,5054.53
1,7516.135
1,7551.1875
1,7099.3775
1,7041.5075
1,5876.9175
1,4862.565
1,4414.0875
1,4772.9775
1,4994.99
1,4724.57
1,4352.88
1,3399.7325
1,3701.8675
1,3675.7175
1,3602.825
1,3622.8575
1,3459.27
1,3074.7825
1,2809.9275
1,4217.1175
1,4590.4725
1,4456.93
1,4328.4
1,2625.195
1,4296.1275
1,4200.42
1,3932.2275
1,3410.3025
1,2449.92
1,2507.79
1,2636.8775
1,2931.7825
1,2988.5375
1,2955.1525
1,2798.24
1,2494.9925
1,2627.42
1,2622.9675
1,2611.285
1,2521.7025
1,2449.365
1,2383.1525
1,2407.635
1,2810.4825
1,2952.37
1,2959.0475
1,2857.7775
1,2373.695
1,3010.795
1,3305.7
1,3115.9575
1,2636.3225
1,2499.9975
1,2272.4225
1,2329.175
1,2408.745
1,2438.2325
1,2417.0925
1,2395.95
1,2314.155
1,2407.0775
1,2427.11
1,2488.87
1,2531.16
1,2601.825
1,2863.3425
1,3479.8575
1,6607.4975
1,7832.185
1,7824.95
1,7551.1925
1,4460.27
1,5151.345
1,7654.685
1,7624.08
1,7519.475
1,6711.55
1,5430.67
1,4515.9125
1,4898.7325
1,5312.1525
1,5181.395
1,4879.8125
1,3721.345
1,4108.0575
1,3966.725
1,3992.8775
1,4157.58
1,3892.7225
1,3959.4925
1,4045.1825
1,6955.82
1,7610.17
1,7272.42
1,7251.835
1,3867.125
1,6959.1575
1,6975.2925
1,6840.085
1,6959.1575
1,5844.6475
1,4638.8825
1,4194.8575
1,4639.4375
1,4707.8775
1,4478.0775
1,4249.9425
1,3463.7175
1,3863.7875
1,3896.6175
1,3773.645
1,3677.9425
1,3457.045
1,3168.82
1,3094.8125
1,5423.9925
1,6230.8025
1,6069.4425
1,5906.9625
1,3316.27
1,6458.38
1,6601.38
1,6279.77
1,5839.64
1,4495.8825
1,3991.765
1,3919.43
1,4324.505
1,4199.3125
1,3989.54
1,3789.2275
1,3299.575
1,3812.0425
1,3673.4925
1,3652.3475
1,3581.1275
1,3637.3225
1,3690.185
1,4146.45
1,7566.2125
1,8085.91
1,8047.5175
1,8099.8225
1,4564.8775
1,7759.2925
1,8232.805
1,7422.1025
1,7395.95
1,6468.95
1,5244.8275
1,4708.4325
1,5597.595
1,5826.8425
1,5525.2625
1,5630.425
1,4451.9275
1,4255.5075
1,4090.25
1,3980.635
1,4062.9875
1,3893.2775
1,4130.87
1,4173.715
1,7255.73
1,7684.7325
1,7315.8225
1,7193.4125
1,3891.6075
1,6858.4475
1,7000.8875
1,6831.7375
1,6821.7225
1,5967.06
1,4791.8975
1,4425.2175
1,4822.5
1,4780.7675
1,4517.5825
1,4155.91
1,3507.6775
1,3879.3675
1,3775.3175
1,3725.2425
1,3604.495
1,3507.6775
1,3212.7775
1,3050.3025
1,4549.2975
1,4887.0475
1,4739.04
1,4843.645
1,3167.705
1,4817.495
1,4935.4525
1,4717.895
1,4300.0225
1,3184.9525
1,3196.6375
1,3154.3525
1,3166.595
1,3126.53
1,3079.235
1,2959.6025
1,2747.605
1,2870.0175
1,2848.8775
1,2807.7
1,2778.21
1,2714.2225
1,2642.4425
1,2627.4175
1,3058.09
1,3185.51
1,3238.9275
1,3184.395
1,2505.5625
1,3423.105
1,3352.995
1,3010.2375
1,2703.65
1,2632.9825
1,2551.1925
1,2464.945
1,2525.04
1,2574.56
1,2554.53
1,2522.8125
1,2437.1225
1,2500.5575
1,2535.055
1,2579.01
1,2592.9225
1,2632.9825
1,2992.4325
1,3612.8425
1,6537.9475
1,7736.4775
1,7706.99
1,7557.31
1,3997.8825
1,5926.4425
1,7469.9525
1,7089.36
1,7446.025
1,6486.755
1,5128.5325
1,4691.7425
1,5245.9375
1,5272.0925
1,5455.1525
1,4855.8875
1,3703.54
1,4172.6025
1,4111.395
1,4149.7875
1,4109.17
1,3841.5325
1,3911.64
1,4024.5925
1,6963.05
1,7563.99
1,7395.95
1,7728.1325
1,4145.3375
1,7362.005
1,7393.7225
1,7235.7
1,7522.2575
1,6554.64
1,5328.29
1,4912.0875
1,5454.595
1,5326.62
1,5263.185
1,4821.945
1,3493.7675
1,3930.0025
1,3881.035
1,3943.355
1,4081.9025
1,4084.1325
1,3968.3975
1,3932.7875
1,6786.11
1,7281.325
1,7206.21
1,7152.2375
1,4248.275
1,7695.305
1,7926.22
1,7116.625
1,6885.1525
1,5805.1425
1,4772.4225
1,4484.755
1,5159.695
1,4949.3675
1,4972.735
1,4641.1075
1,3391.3875
1,3889.94
1,3940.015
1,3963.385
1,4172.045
1,4212.1075
1,3878.2525
1,4009.5725
1,7058.2
1,8067.5475
1,7596.26
1,7614.6225
1,3983.4175
1,7198.4175
1,7492.2075
1,6805.585
1,6834.52
1,5861.3375
1,4854.2175
1,4374.025
1,5601.4925
1,5480.7475
1,5130.2025
1,4263.855
1,3373.0225
1,3832.63
1,3814.2675
1,3886.0475
1,3985.085
1,4109.725
1,3631.2025
1,3633.43
1,6172.38
1,7164.4775
1,6987.535
1,6891.275
1,3733.585
1,6575.785
1,6564.1
1,6311.485
1,6416.645
1,5456.8225
1,4371.245
1,3884.9325
1,4384.04
1,4360.1175
1,4205.43
1,3952.2625
1,3102.0475
1,3493.21
1,3457.6
1,3368.0175
1,3409.1925
1,3169.375
1,2735.925
1,2550.0775
1,3552.195
1,3753.0625
1,3600.0475
1,3482.64
1,2350.8775
1,3393.6125
1,3460.3825
1,3267.3025
1,2911.75
1,2237.37
1,2369.24
1,2441.02
1,2503.34
1,2479.4125
1,2486.6475
1,2447.14
1,2238.4825
1,2296.35
1,2326.9525
1,2326.395
1,2281.8825
1,2195.6375
1,2121.0775
1,2137.215
1,2481.08
1,2717.0025
1,2758.18
1,2670.82
1,2324.1675
1,2905.63
1,3040.84
1,2943.4675
1,2653.015
1,2302.47
1,2489.9825
1,2494.435
1,2510.015
1,2527.82
1,2624.08
1,2576.7875
1,2444.3575
1,2457.155
1,2464.3875
1,2498.3325
1,2519.475
1,2606.2775
1,2848.3175
1,3341.31
1,4742.3775
1,7593.4775
1,7997.44
1,8061.9825
1,4936.01
1,5797.35
1,7630.7575
1,7420.99
1,7419.3175
1,6407.745
1,4884.82
1,4787.445
1,5686.0675
1,5841.8625
1,5682.7275
1,4680.0575
1,3661.8075
1,4073.5575
1,3956.1525
1,4040.1725
1,4069.665
1,3858.7775
1,3681.28
1,3806.4775
1,6611.9525
1,7572.3325
1,7710.8825
1,7446.0275
1,3933.8975
1,7171.71
1,7444.915
1,6879.03
1,7026.4825
1,5808.4775
1,4673.38
1,4372.3575
1,4744.045
1,4942.69
1,5067.885
1,4407.41
1,3285.665
1,3796.4625
1,3722.4575
1,3815.9375
1,3848.2075
1,3924.995
1,3812.5975
1,3862.1175
1,6943.58
1,7527.265
1,7081.5725
1,7863.3425
1,4320.05
1,7440.46
1,7493.3225
1,7119.9625
1,7397.615
1,6317.605
1,4703.4275
1,4328.955
1,4790.2275
1,5077.34
1,4805.2525
1,4443.0225
1,3809.8175
1,4199.31
1,4116.405
1,4162.03
1,4226.0175
1,3973.4025
1,4138.1025
1,4088.025
1,7097.1525
1,7854.4425
1,7648.0075
1,7958.49
1,4695.0825
1,7566.215
1,7620.1875
1,7113.2875
1,6961.3825
1,5942.575
1,4604.385
1,4246.605
1,4854.7725
1,4986.6425
1,4741.2625
1,4400.1775
1,3533.8275
1,3933.8975
1,3945.025
1,3942.8
1,3898.2875
1,3778.6575
1,3832.6275
1,3823.1675
1,6652.0125
1,7324.725
1,7148.9
1,7140.55
1,3994.545
1,7084.35
1,6910.1925
1,6588.025
1,6695.97
1,5454.04
1,4117.515
1,3793.68
1,4160.3575
1,4101.38
1,4001.7775
1,3734.7
1,2971.29
1,3331.85
1,3316.825
1,3202.2025
1,3174.38
1,2868.905
1,2577.9
1,2377.5875
1,3724.125
1,4045.18
1,3855.44
1,3724.1275
1,2259.0675
1,3883.2625
1,3939.4575
1,3660.1375
1,3016.9175
1,2113.285
1,2116.625
1,2238.4825
1,2456.6025
1,2559.5375
1,2580.68
1,2521.1425
1,2282.995
1,2388.715
1,2266.86
1,2224.015
1,2134.4325
1,1986.4225
1,1877.925
1,1931.3375
1,2289.115
1,2340.86
1,2306.365
1,2380.925
1,2042.6225
1,2533.3825
1,2513.91
1,2583.465
1,2624.0825
1,2391.4975
1,2198.4175
1,2130.535
1,2137.77
1,2137.2125
1,2147.785
1,2138.3275
1,2083.24
1,2155.0175
1,2161.695
1,2234.5875
1,2290.2275
1,2251.28
1,2749.275
1,3344.09
1,6635.875
1,7923.435
1,8355.7725
1,8346.315
1,5333.8525
1,6652.0125
1,7926.7725
1,7515.58
1,7598.4875
1,6776.095
1,5491.32
1,4941.575
1,5276.5425
1,5435.12
1,5239.26
1,4857.555
1,3675.72
1,3999.0
1,4051.855
1,4020.6975
1,4272.7575
1,3971.735
1,3506.0075
1,3528.265
1,5678.2775
1,6811.705
1,6667.0375
1,6284.775
1,3704.0925
1,6220.785
1,7064.8775
1,6872.915
1,6787.225
1,5700.535
1,4560.985
1,4638.8825
1,5000.5575
1,5381.705
1,4592.7025
1,3954.485
1,3143.22
1,3672.9375
1,3756.3975
1,3694.6325
1,3878.255
1,3596.1475
1,3040.84
1,2770.9775
1,3200.5325
1,3553.3075
1,3577.7875
1,3665.145
1,3053.64
1,3633.43
1,3922.7675
1,4015.135
1,3669.0425
1,3152.125
1,3021.365
1,3099.265
1,2974.07
1,2945.1375
1,2913.4225
1,2828.29
1,2698.085
1,2791.565
1,2775.43
1,2772.09
1,2755.3975
1,2676.9425
1,2936.79
1,3539.95
1,6693.7475
1,7438.7975
1,7527.265
1,7601.27
1,3973.4
1,7414.31
1,7542.2875
1,7143.89
1,7155.575
1,6054.975
1,4877.5875
1,4378.475
1,5181.3925
1,5122.9675
1,4712.8875
1,4372.355
1,3395.2825
1,3773.645
1,3780.8825
1,3849.32
1,4017.36
1,3843.2
1,4074.1125
1,3745.825
1,6520.14
1,7476.075
1,7035.9475
1,7127.2
1,3771.9775
1,6915.2025
1,6914.0875
1,6668.15
1,6390.4975
1,5435.12
1,4281.1025
1,3835.965
1,4266.6375
1,4326.1725
1,4238.2575
1,3804.2525
1,2971.8425
1,3404.74
1,3495.44
1,3542.7325
1,3448.14
1,3178.8325
1,2797.13
1,2499.4425
1,3957.2675
1,4248.2725
1,4254.9525
1,4188.7375
1,2570.6675
1,4302.805
1,4307.8125
1,4045.1825
1,3657.355
1,2615.735
1,2405.41
1,2459.38
1,2775.9825
1,2853.8825
1,2786.0
1,2712.5525
1,2344.2025
1,2580.6775
1,2572.89
1,2563.4325
1,2484.975
1,2249.6125
1,2081.57
1,2104.9425
1,2531.7175
1,2664.1475
1,2624.64
1,2620.7425
1,2194.5225
1,2933.45
1,3120.41
1,2916.7575
1,2615.18
1,2359.225
1,2192.2975
1,2279.6575
1,2298.02
1,2364.23
1,2361.45
1,2286.3325
1,2184.51
1,2216.225
1,2224.015
1,2237.3675
1,2264.6325
1,2238.48
1,2397.615
1,2998.555
1,5860.2275
1,7225.1275
1,7521.1425
1,7606.2775
1,4263.2975
1,5018.3625
1,7012.0175
1,6707.1
1,6783.8825
1,6092.2525
1,4821.945
1,4283.33
1,4862.0075
1,5165.2575
1,5165.2575
1,4577.1225
1,3503.2275
1,3814.825
1,3760.2925
1,3847.65
1,4031.8275
1,3534.9425
1,3618.4075
1,3294.5675
1,6053.3025
1,7024.2575
1,6725.46
1,7031.495
1,4014.0225
1,7214.5575
1,7681.3925
1,6757.7325
1,7147.785
1,6002.6725
1,4729.5775
1,4198.7525
1,4624.415
1,4641.6625
1,4392.3875
1,4116.96
1,3307.9225
1,3694.08
1,3766.9725
1,3704.6525
1,3852.66
1,3459.27
1,3210.5475
1,2889.4975
1,2996.3275
1,3070.8875
1,2842.1975
1,2685.8425
1,2389.2725
1,2491.655
1,2449.92
1,2429.8925
1,2467.1675
1,2479.41
1,2433.785
1,2479.415
1,2592.365
1,2468.84
1,2449.9225
1,2417.0925
1,2548.4075
1,2803.25
1,2663.0325
1,2630.7575
1,2457.7125
1,2459.935
1,2449.92
1,3081.46
1,6341.5325
1,7392.6075
1,7387.6025
1,7591.81
1,4782.44
1,7416.5375
1,7609.615
1,7306.365
1,7224.0125
1,6530.715
1,5376.14
1,4724.015
1,4761.295
1,4839.75
1,4877.5875
1,4390.1625
1,3339.0825
1,3651.235
1,3705.765
1,3744.7125
1,3751.3925
1,3662.9175
1,3572.2225
1,3741.3725
1,6850.655
1,7549.5225
1,7281.325
1,7251.28
1,3769.7525
1,6885.7125
1,7207.3225
1,6989.76
1,7119.965
1,6063.32
1,4586.58
1,3943.915
1,4325.0625
1,4247.16
1,4016.2475
1,3741.375
1,2885.0425
1,3161.03
1,3176.05
1,3221.6775
1,3041.4
1,2827.1775
1,2537.28
1,2339.75
1,3989.54
1,4745.1575
1,4769.6375
1,4633.32
1,2565.66
1,4627.1975
1,4623.8575
1,4274.9825
1,3728.02
1,2610.1725
1,2607.39
1,2827.7325
1,3004.1175
1,2979.6325
1,2896.1725
1,2728.6875
1,2350.3225
1,2531.7175
1,2497.7725
1,2339.195
1,2185.62
1,2025.37
1,1951.9275
1,1984.1975
1,2346.4275
1,2592.3675
1,2558.9825
1,2495.5525
1,2053.1925
1,2630.7575
1,2918.4275
1,2925.665
1,2605.1625
1,2245.715
1,2264.635
1,2102.1575
1,2038.1675
1,2043.18
1,2056.5325
1,2038.17
1,2005.8975
1,2043.7325
1,2077.12
1,2068.22
1,2050.4125
1,2013.1325
1,2209.5475
1,2774.87
1,5789.005
1,6912.975
1,6964.72
1,7454.3725
1,4456.935
1,5868.015
1,7644.6725
1,7362.0075
1,7598.4875
1,6632.54
1,5327.73
1,4660.0275
1,5117.9625
1,4782.4425
1,4835.855
1,4485.3075
1,3646.785
1,4001.225
1,3879.365
1,3936.12
1,4030.715
1,3976.1825
1,3903.85
1,3501.555
1,6378.81
1,7425.9975
1,7852.2125
1,7932.3375
1,4494.77
1,7372.02
1,7279.0975
1,7121.0725
1,7359.7825
1,6095.5925
1,4831.4075
1,4164.81
1,5000.5575
1,5040.62
1,4914.31
1,4264.4075
1,3420.8775
1,3936.6775
1,4108.0575
1,4072.445
1,4270.5325
1,4169.2625
1,4340.64
1,4024.59
1,6761.0725
1,7550.635
1,7748.72
1,7801.0225
1,4791.34
1,7580.125
1,7822.725
1,7551.7475
1,7365.9
1,6571.89
1,5144.1125
1,4562.0925
1,4915.9825
1,4800.8
1,5038.95
1,4675.05
1,3789.23
1,4120.855
1,4085.8025
1,4047.965
1,4169.8225
1,4189.2925
1,4164.8125
1,4130.87
1,7306.92
1,7962.3875
1,7695.3025
1,7639.6625
1,4709.5475
1,7407.075
1,7410.415
1,7151.1225
1,7388.16
1,6312.04
1,5226.4625
1,4332.85
1,4881.4825
1,4858.11
1,4775.765
1,4542.065
1,3498.7775
1,3801.47
1,3641.7775
1,3670.71
1,3765.8575
1,3512.685
1,3455.9325
1,3453.15
1,6686.5125
1,7476.63
1,7533.9425
1,7275.2025
1,3459.825
1,6812.82
1,6846.2025
1,6629.2
1,6661.475
1,5439.5725
1,4242.71
1,3823.7275
1,4493.1
1,4350.1
1,4148.12
1,3894.9475
1,3041.4
1,3335.745
1,3209.995
1,3125.4175
1,3081.46
1,2929.5575
1,2576.2275
1,2339.7525
1,3823.1675
1,4224.905
1,4032.94
1,3919.4325
1,2373.6925
1,4128.645
1,4125.86
1,3849.8775
1,3267.3025
1,2203.9825
1,2229.0225
1,2402.6275
1,2700.8675
1,2657.465
1,2641.33
1,2532.2725
1,2079.9025
1,2290.785
1,2243.49
1,2325.84
1,2187.29
1,1995.325
1,1946.3625
1,1891.275
1,2168.37
1,2181.725
1,2183.955
1,2306.3675
1,2028.71
1,2531.16
1,2717.005
1,2547.295
1,2384.82
1,2262.965
1,1912.975
1,2019.8075
1,2002.56
1,2047.63
1,2009.79
1,1991.985
1,1972.5125
1,2020.92
1,2058.7575
1,2061.54
1,2072.11
1,2151.68
1,2364.2325
1,2636.3225
1,3554.9725
1,6975.295
1,7367.015
1,7368.1275
1,4302.2475
1,5170.265
1,7654.685
1,7319.7175
1,7671.9325
1,6764.9675
1,5083.46
1,4511.4625
1,5195.3025
1,5298.24
1,4633.875
1,4246.6075
1,3294.5675
1,3757.51
1,3734.14
1,3727.4625
1,3886.045
1,3586.69
1,3553.86
1,3880.48
1,6898.505
1,8261.74
1,7819.3825
1,7841.64
1,4898.175
1,7692.52
1,7729.8
1,7469.395
1,7207.3225
1,5897.5075
1,4880.3675
1,4378.475
1,4919.32
1,5233.14
1,4988.315
1,4322.28
1,3228.91
1,3686.29
1,3682.9525
1,3701.31
1,3795.905
1,3640.6625
1,3712.4425
1,3624.5275
1,6262.5175
1,7306.92
1,7009.235
1,7002.0025
1,3434.79
1,6855.6625
1,7060.425
1,6564.1
1,6463.9425
1,5232.5825
1,3894.9475
1,3610.615
1,4149.79
1,4160.915
1,3909.97
1,3587.2475
1,2697.53
1,3030.825
1,3092.0325
1,3155.4625
1,3126.53
1,2844.425
1,2497.2175
1,2308.59
1,3898.2875
1,4213.22
1,4011.2375
1,3960.0475
1,2239.0375
1,4138.105
1,4081.35
1,3831.515
1,3351.3225
1,2087.6925
1,2050.9675
1,2201.7575
1,2527.8175
1,2505.0075
1,2425.4375
1,2382.595
1,2142.7775
1,2267.415
1,2220.12
1,2218.45
1,2155.0175
1,1927.4425
1,1904.0725
1,2069.3275
1,4036.28
1,4351.215
1,4238.2575
1,4205.99
1,2407.635
1,4235.475
1,4346.7625
1,4117.515
1,3734.6975
1,2501.115
1,2232.3625
1,2342.5325
1,2645.225
1,2637.435
1,2523.9225
1,2446.5825
1,2162.81
1,2314.155
1,2310.26
1,2289.6725
1,2225.1275
1,2048.185
1,2002.5575
1,2035.945
1,2955.155
1,3105.3875
1,3018.585
1,3045.2925
1,1972.515
1,3186.065
1,3209.9925
1,3023.59
1,2720.345
1,1977.5225
1,1968.0625
1,2025.3725
1,2084.91
1,2066.55
1,2035.39
1,1967.5025
1,1874.025
1,1925.2175
1,1904.0725
1,1883.485
1,1885.1525
1,1809.48
1,1801.69
1,1787.7825
1,2033.7175
1,2156.6875
1,2185.0625
1,2148.3425
1,1875.1425
1,2192.2975
1,2309.7025
1,2386.4875
1,2289.115
1,2130.5375
1,2100.49
1,2008.6825
1,1927.445
1,1946.92
1,1953.0375
1,1936.345
1,1884.04
1,1936.9025
1,1957.49
1,1953.04
1,1959.715
1,1926.8875
1,2100.4925
1,2622.4125
1,5890.8325
1,7314.71
1,7319.72
1,7360.895
1,3578.9
1,5726.1275
1,7272.98
1,7190.6275
1,7602.38
1,6470.62
1,5049.5225
1,4241.6
1,4744.605
1,4708.99
1,4660.58
1,4427.4425
1,3431.45
1,3893.275
1,3916.6475
1,3813.71
1,3917.2075
1,3854.3275
1,3824.2825
1,3812.5975
1,6898.5075
1,7932.895
1,7834.965
1,8114.2875
1,4951.5925
1,7980.7475
1,8185.51
1,7849.9875
1,7565.6575
1,6537.3925
1,5099.6
1,4507.5675
1,5062.875
1,5207.545
1,5015.5775
1,4783.555
1,3616.1825
1,4111.395
1,4075.2275
1,4046.85
1,4187.0675
1,4213.22
1,3908.3
1,3636.2125
1,6790.565
1,8107.61
1,7818.27
1,7462.72
1,3801.4675
1,7349.765
1,7859.4475
1,7490.5375
1,7551.7475
1,6079.4575
1,4629.9775
1,4209.8825
1,4682.2825
1,4645.5625
1,4769.0825
1,4232.695
1,3357.4475
1,3867.6825
1,3894.39
1,3904.4075
1,3983.4175
1,3780.88
1,3573.8925
1,3345.76
1,6848.43
1,7784.885
1,7819.94
1,7909.525
1,3985.645
1,7431.5575
1,7739.26
1,7230.69
1,7526.1525
1,6399.955
1,5079.01
1,4413.5325
1,5086.245
1,5054.53
1,4906.52
1,4414.645
1,3447.585
1,3859.8925
1,3945.58
1,3873.805
1,4021.8125
1,3532.165
1,3281.2125
1,3319.05
1,6606.3875
1,7556.1975
1,7372.025
1,7072.1125
1,3510.46
1,6866.235
1,7236.255
1,6954.71
1,6639.2175
1,5505.2275
1,4329.5125
1,3838.1925
1,4430.78
1,4438.57
1,4214.33
1,3832.0725
1,3093.7
1,3518.25
1,3376.3625
1,3225.0175
1,3174.3825
1,2825.5075
1,2450.48
1,2279.6575
1,3780.8825
1,4124.1925
1,4121.965
1,4073.0
1,2341.9775
1,4242.71
1,4313.93
1,3935.01
1,3381.3675
1,2322.5025
1,2294.68
1,2417.6525
1,2801.025
1,2762.075
1,2577.34
1,2499.4425
1,2170.04
1,2408.75
1,2392.0525
1,2315.2675
1,2197.3075
1,1920.7675
1,1897.9525
1,1887.9375
1,2245.715
1,2443.2475
1,2441.02
1,2467.7275
1,2025.93
1,2690.295
1,2866.68
1,2838.8575
1,2439.3475
1,2027.6
1,2003.675
1,2018.695
1,2034.2725
1,2009.235
1,2014.7975
1,1993.1
1,1915.7575
1,1968.62
1,1964.72
1,2012.0175
1,2063.765
1,2056.5325
1,2254.0625
1,2901.7375
1,6416.6475
1,7484.42
1,7891.72
1,7546.7375
1,3706.3225
1,5155.24
1,7915.09
1,7378.145
1,7242.935
1,6187.4
1,5012.7975
1,4425.7725
1,4576.01
1,5020.0325
1,4958.27
1,4349.5425
1,3445.915
1,3705.765
1,3661.25
1,3599.49
1,3771.9775
1,3628.4225
1,3471.5125
1,3385.8225
1,6556.31
1,7777.0975
1,7367.5725
1,7866.68
1,3980.6375
1,7582.35
1,7906.7425
1,7648.565
1,7614.62
1,6327.62
1,5007.79
1,4267.7475
1,4830.8475
1,5227.02
1,5001.1125
1,4488.6475
1,3288.4475
1,3714.1125
1,3723.5725
1,3633.4275
1,3804.2475
1,3537.725
1,3296.2375
1,3499.3325
1,6871.245
1,7863.9
1,7884.4875
1,7794.9025
1,4052.415
1,7508.345
1,7949.5875
1,7697.5275
1,7708.655
1,6625.8625
1,5344.4275
1,4656.1325
1,4820.835
1,5055.085
1,4898.73
1,4517.5825
1,3334.0775
1,3626.195
1,3636.7675
1,3571.6675
1,3818.16
1,3583.9075
1,3506.01
1,3458.1575
1,6993.1
1,8162.14
1,7711.995
1,7451.5875
1,3744.7125
1,7687.515
1,7953.4825
1,7137.21
1,7293.01
1,6100.6025
1,4682.2825
1,3986.76
1,4338.4125
1,4360.67
1,4417.9825
1,3931.67
1,2968.505
1,3257.845
1,3341.31
1,3316.27
1,3524.3725
1,3468.1725
1,3125.9725
1,3067.5475
1,6072.2225
1,7328.6225
1,7119.41
1,7354.2175
1,3450.365
1,6631.98
1,6946.36
1,6544.625
1,6543.51
1,5435.1225
1,4217.6725
1,3788.115
1,4052.97
1,3952.8175
1,3757.5075
1,3504.8975
1,2764.8575
1,3154.3525
1,3107.6125
1,2952.9275
1,2833.2975
1,2541.7325
1,2335.8575
1,2200.0875
1,3806.4775
1,4136.4325
1,3996.7725
1,3965.615
1,2175.6075
1,4154.24
1,4075.2275
1,3777.5425
1,3300.69
1,2072.1125
1,2030.3825
1,2114.955
1,2556.755
1,2572.89
1,2466.06
1,2424.8825
1,2076.565
1,2214.0
1,2165.59
1,2126.64
1,2066.5475
1,1872.9125
1,1818.94
1,1812.265
1,2267.415
1,2409.3025
1,2376.475
1,2390.94
1,1845.09
1,2502.7825
1,2734.255
1,2710.885
1,2456.5975
1,2129.98
1,2123.86
1,1923.55
1,1911.305
1,1879.035
1,1888.495
1,1876.2525
1,1829.5125
1,1865.6775
1,1870.1275
1,1885.7125
1,1939.1275
1,1901.29
1,2194.525
1,2619.075
1,6146.2275
1,7355.885
1,7220.1175
1,7638.5475
1,4079.68
1,6022.145
1,7710.8825
1,7619.075
1,7836.6325
1,6348.21
1,5091.8075
1,4382.37
1,4823.06
1,4869.2425
1,4890.94
1,4483.645
1,3315.155
1,3636.21
1,3622.2975
1,3647.8975
1,3734.1425
1,3447.0275
1,3233.3625
1,3353.5525
1,6534.6125
1,8105.3875
1,7875.585
1,8020.2525
1,4350.6575
1,7858.335
1,8533.83
1,8192.1875
1,7935.12
1,6628.085
1,5454.04
1,4550.41
1,5238.7025
1,5208.6575
1,5102.9375
1,4685.62
1,3554.9725
1,4110.2825
1,4189.2975
1,4098.0425
1,4283.885
1,4120.2975
1,3656.245
1,3620.6325
1,6757.1775
1,8071.4425
1,7679.7275
1,8069.2175
1,4326.175
1,8241.7075
1,8273.98
1,7862.7825
1,7891.72
1,6811.705
1,5298.795
1,4397.95
1,5159.6925
1,5140.2175
1,5026.71
1,4402.405
1,3406.41
1,3889.385
1,3981.1925
1,3840.42
1,4002.3375
1,3879.9225
1,3853.2175
1,3603.3825
1,7187.2925
1,8203.8725
1,7910.0825
1,8108.7225
1,4060.76
1,7705.8725
1,7954.595
1,7845.5375
1,7867.2375
1,6638.6575
1,5380.035
1,4415.7575
1,5243.71
1,5007.7875
1,4815.2675
1,4343.4225
1,3297.35
1,3830.4025
1,3894.95
1,3770.3075
1,4001.2225
1,3592.8125
1,3630.09
1,3554.42
1,6944.6925
1,7668.0375
1,7290.785
1,7333.0725
1,3714.665
1,5908.0775
1,7163.9225
1,6807.81
1,6884.04
1,5652.125
1,4330.0675
1,3884.935
1,4175.94
1,4049.6325
1,3971.7325
1,3704.095
1,2952.925
1,3340.195
1,3355.2175
1,3258.9575
1,3394.725
1,2970.175
1,2619.6275
1,2501.67
1,3909.97
1,4115.8475
1,4044.625
1,4059.0925
1,2393.165
1,4103.605
1,4088.025
1,3878.8125
1,3406.965
1,2212.885
1,2160.025
1,2269.0875
1,2696.4175
1,2712.5525
1,2599.6
1,2557.8675
1,2170.5975
1,2414.8675
1,2454.9275
1,2414.3125
1,2341.975
1,2063.7675
1,2014.2425
1,2032.6075
1,2734.2525
1,2965.7225
1,2963.4975
1,2912.8625
1,2244.6025
1,3088.1375
1,3305.6975
1,3304.5875
1,2858.89
1,2418.7625
1,2418.2075
1,2355.3275
1,2371.4675
1,2351.435
1,2328.065
1,2279.655
1,2115.5125
1,2165.035
1,2217.3375
1,2142.22
1,2155.0175
1,2084.9075
1,2350.8775
1,2790.4525
1,6428.3325
1,7732.5825
1,7418.7625
1,7801.0225
1,4257.735
1,7766.525
1,7779.325
1,7513.91
1,7527.265
1,6487.87
1,5576.4525
1,4927.6625
1,5167.4825
1,5267.6375
1,5055.085
1,4512.0175
1,3586.1325
1,3981.75
1,3924.9925
1,3911.0825
1,4009.0125
1,3565.545
1,3466.5025
1,3585.58
1,7185.6225
1,8123.7475
1,7506.12
1,7870.0175
1,4095.26
1,6288.115
1,8195.525
1,7891.1625
1,8130.425
1,6891.83
1,5211.9975
1,4641.665
1,5065.1
1,5146.3375
1,5122.9675
1,4698.975
1,3319.605
1,3868.24
1,3873.8025
1,3970.62
1,4178.165
1,3753.06
1,3827.0625
1,3631.2025
1,4404.63
1,7752.6125
1,7728.13
1,7708.1
1,4310.035
1,7951.2575
1,8328.5125
1,7834.41
1,7770.975
1,6425.5525
1,4925.995
1,4327.2875
1,4862.565
1,4822.5
1,4569.3275
1,4259.4025
1,3189.405
1,3665.145
1,3796.46
1,3799.7975
1,3881.0375
1,3503.2275
1,3466.5025
1,3395.8375
1,6833.9625
1,7678.61
1,7517.805
1,7585.13
1,3845.9825
1,7536.165
1,7976.295
1,7456.5975
1,7435.455
1,6241.375
1,4806.3675
1,4167.0375
1,4894.28
1,4729.025
1,4554.305
1,4210.44
1,3206.6575
1,3589.4725
1,3665.1425
1,3808.7025
1,3895.5025
1,3267.86
1,3206.655
1,3438.125
1,6708.7675
1,7313.5975
1,7241.2625
1,7065.435
1,3602.825
1,7069.885
1,7220.6775
1,6840.085
1,6860.115
1,5687.7325
1,4162.03
1,3637.88
1,4205.43
1,4154.2375
1,4086.3575
1,3877.7
1,2989.65
1,3325.1725
1,3394.725
1,3273.425
1,3207.21
1,2869.4625
1,2626.865
1,2489.425
1,4336.19
1,4787.4475
1,4548.185
1,4494.77
1,2559.5375
1,4523.15
1,4569.8875
1,4246.605
1,3813.7125
1,2438.2375
1,2307.48
1,2373.135
1,2868.35
1,2876.1425
1,2772.09
1,2680.835
1,2363.6775
1,2586.245
1,2568.4375
1,2538.3925
1,2427.11
1,2127.7525
1,2119.4075
1,2104.94
1,2528.935
1,2719.785
1,2664.7
1,2610.73
1,2067.66
1,2632.9825
1,2650.7875
1,2526.71
1,2280.77
1,2037.615
1,1993.6575
1,2008.68
1,2099.935
1,2103.27
1,2099.375
1,2087.69
1,2016.4675
1,2044.2925
1,2058.76
1,2057.09
1,2092.145
1,2043.1775
1,2042.6225
1,2200.09
1,3993.99
1,4741.265
1,4767.415
1,4814.7125
1,3187.18
1,4939.905
1,5111.2825
1,4861.45
1,4407.4125
1,3294.57
1,3252.2825
1,3038.615
1,3461.4925
1,3550.525
1,3349.0975
1,3361.34
1,2942.3525
1,3152.68
1,3120.41
1,2995.215
1,2934.565
1,2676.9425
1,2792.6775
1,3523.815
1,7082.1275
1,8393.61
1,8118.185
1,8304.03
1,4491.9875
1,5760.0725
1,8219.45
1,8235.0325
1,8089.2475
1,6695.9725
1,5318.2725
1,4955.485
1,5336.635
1,5282.6625
1,5097.3725
1,4842.5325
1,3797.0175
1,4332.8525
1,4327.2875
1,4119.185
1,3973.4025
1,3581.125
1,3419.2075
1,3840.975
1,7476.075
1,8716.8925
1,8500.445
1,8868.7975
1,4940.4625
1,8680.1675
1,9034.6075
1,8917.7625
1,8802.025
1,7365.9
1,5706.0975
1,4871.465
1,5600.38
1,5487.425
1,5190.8525
1,4671.7125
1,3784.22
1,4248.83
1,4343.98
1,4244.3825
1,4115.845
1,3868.7975
1,3595.0375
1,3767.5275
1,7577.9
1,8760.295
1,8421.43
1,8224.4575
1,4221.01
1,8128.1975
1,8563.3175
1,8148.785
1,8204.9825
1,6964.1675
1,5461.8275
1,4776.875
1,5254.2825
1,5171.3775
1,5032.2725
1,4390.7175
1,3432.565
1,3921.655
1,3915.5375
1,3995.6575
1,3754.175
1,3770.8675
1,3302.915
1,3376.365
1,7071.555
1,8223.9
1,8134.3175
1,7708.0975
1,4287.225
1,7916.2025
1,7759.2925
1,7375.36
1,7217.895
1,6040.505
1,4481.9725
1,3774.76
1,4394.0575
1,4317.8275
1,4175.385
1,3965.0525
1,3218.895
1,3615.0675
1,3610.6175
1,3547.185
1,3470.3975
1,3134.8775
1,2621.855
1,2576.785
1,4331.1825
1,4802.47
1,4853.6625
1,4845.3125
1,3020.255
1,4956.04
1,4944.9125
1,4702.87
1,3955.04
1,2531.7175
1,2437.68
1,2478.3
1,2709.215
1,2742.04
1,2640.2175
1,2601.825
1,2339.195
1,2507.79
1,2449.9225
1,2418.2025
1,2335.855
1,2158.36
1,2185.6225
1,2250.7225
1,3011.91
1,3236.145
1,3185.51
1,3181.615
1,2320.83
1,3286.22
1,3301.2475
1,3154.3525
1,2922.3225
1,2876.7
1,2984.0875
1,3155.465
1,3125.415
1,2956.8225
1,2728.1325
1,2668.0375
1,2529.49
1,2600.1525
1,2571.22
1,2614.065
1,2611.8425
1,2420.9875
1,2492.765
1,3075.3425
1,7138.8825
1,8480.9725
1,8533.83
1,8627.305
1,4543.735
1,6457.82
1,8178.8325
1,8321.2775
1,8317.3825
1,7334.185
1,5938.1225
1,5343.3125
1,5393.945
1,5404.5175
1,5407.2975
1,4898.1725
1,3751.95
1,4271.6475
1,4310.0375
1,4376.805
1,4308.37
1,3673.4925
1,3599.49
1,3986.755
1,7796.5725
1,9178.1625
1,8650.1225
1,8816.4925
1,4344.5375
1,8464.28
1,9042.955
1,8626.1975
1,8723.015
1,7434.8975
1,5886.9325
1,5208.1025
1,5614.29
1,5465.17
1,5043.9575
1,4645.0025
1,3642.8875
1,4132.5375
1,4136.435
1,4182.6175
1,4056.31
1,3861.005
1,3947.8075
1,3728.5775
1,7338.64
1,8500.445
1,8329.625
1,8709.1025
1,4908.1875
1,8760.8475
1,8615.07
1,8508.235
1,8768.6375
1,7433.785
1,5529.1575
1,4741.2625
1,5254.285
1,5191.405
1,5315.49
1,4749.6075
1,3679.6125
1,4277.2075
1,4260.5175
1,4374.0275
1,4578.23
1,4268.8625
1,4136.9925
1,4428.5575
1,8089.8075
1,9174.8275
1,8762.52
1,8873.245
1,4868.1275
1,7118.2925
1,9142.5525
1,8871.58
1,8890.4975
1,7595.145
1,5873.58
1,5119.075
1,5551.415
1,5466.28
1,5374.4725
1,5278.2075
1,4231.025
1,4552.0825
1,4457.49
1,4503.1125
1,4695.635
1,4308.925
1,3923.8825
1,4112.51
1,8129.31
1,8902.18
1,8444.8025
1,8078.1225
1,4419.095
1,6872.3575
1,8592.81
1,8213.33
1,8106.4975
1,6583.5725
1,4878.7
1,4164.81
1,4730.135
1,4598.265
1,4402.9575
1,4166.4825
1,3386.3775
1,3707.435
1,3828.7325
1,3676.275
1,3503.785
1,3211.1075
1,2816.6025
1,2748.72
1,4844.7575
1,5424.5525
1,5309.37
1,5237.0325
1,2990.2075
1,5289.34
1,5361.1175
1,5008.9025
1,4272.2
1,2747.6075
1,2651.345
1,2677.4975
1,2925.105
1,2880.035
1,2821.61
1,2748.72
1,2480.525
1,2710.33
1,2691.4075
1,2659.6925
1,2585.6875
1,2354.7725
1,2295.7925
1,2306.365
1,3207.2125
1,3543.8475
1,3595.0375
1,3603.94
1,2690.2975
1,3660.1375
1,4095.2575
1,4034.0525
1,3460.3825
1,3077.565
1,2748.1625
1,2610.7275
1,2699.2
1,2686.4
1,2685.2875
1,2587.9125
1,2404.2975
1,2542.29
1,2524.4825
1,2499.4425
1,2444.915
1,2389.83
1,2546.7375
1,3152.6825
1,7246.27
1,8805.92
1,8792.5625
1,8814.2675
1,4806.9225
1,5406.7425
1,8453.1475
1,9055.755
1,9012.35
1,8030.8275
1,6154.575
1,5028.3775
1,5643.2225
1,5637.1025
1,5566.4375
1,5018.36
1,3804.25
1,4460.8275
1,4438.0125
1,4327.285
1,4620.52
1,4461.3825
1,3995.1025
1,3778.655
1,7886.7125
1,9233.8075
1,9204.3175
1,9310.0375
1,5050.0775
1,9047.9625
1,9420.21
1,9219.8975
1,9237.7
1,7474.405
1,5963.72
1,5086.8025
1,5663.81
1,5615.9575
1,5310.4825
1,4892.61
1,3524.37
1,4237.1475
1,4358.4475
1,4304.475
1,4256.6225
1,3900.5125
1,3682.9525
1,3962.2725
1,8025.82
1,9566.5475
1,9141.9975
1,9065.7675
1,5031.715
1,8884.375
1,9141.44
1,8896.6175
1,8981.19
1,7468.285
1,5659.915
1,5025.0375
1,5788.4475
1,5469.6175
1,5564.77
1,5017.25
1,3981.1925
1,4632.205
1,4666.1475
1,4691.7425
1,4539.8375
1,4083.5725
1,3879.9225
1,4032.385
1,7713.11
1,8990.6525
1,8792.0075
1,8882.1475
1,4910.9725
1,7343.0875
1,8953.3725
1,8473.735
1,8808.145
1,7591.255
1,5696.6375
1,4910.4175
1,5620.41
1,5454.04
1,5354.995
1,4616.625
1,3406.965
1,4207.0975
1,4365.1225
1,4239.3725
1,4173.16
1,3971.1775
1,3749.165
1,4059.6475
1,7784.3325
1,8799.245
1,8608.39
1,8236.145
1,4796.35
1,8164.9225
1,8379.145
1,8015.8
1,7642.445
1,6481.7475
1,4852.5475
1,4311.7075
1,4758.5125
1,4757.4
1,4576.005
1,4204.3175
1,3217.2275
1,3716.3375
1,3640.66
1,3502.1125
1,3421.435
1,3083.685
1,2676.3825
1,2634.0975
1,4524.815
1,5385.6
1,5311.595
1,5294.345
1,2968.505
1,5266.5275
1,5277.6525
1,4967.725
1,4302.8025
1,2962.385
1,2878.9225
1,2924.55
1,3380.815
1,3320.7225
1,3443.135
1,3342.4225
1,2642.445
1,2968.505
1,2806.5925
1,2718.1175
1,2606.8325
1,2285.775
1,2250.7225
1,2267.415
1,2985.755
1,3238.925
1,3243.935
1,3224.46
1,2546.7375
1,3302.9175
1,3468.73
1,3355.775
1,3116.5175
1,2935.6775
1,2927.33
1,2772.09
1,2760.405
1,2745.94
1,2551.1875
1,2478.3
1,2364.79
1,2468.84
1,2488.3175
1,2410.4175
1,2395.95
1,2298.02
1,2723.125
1,3227.2425
1,7137.7675
1,8424.215
1,8534.9425
1,8829.29
1,4800.8
1,6951.3675
1,8635.655
1,8466.505
1,8660.135
1,7639.1025
1,6211.8825
1,5095.705
1,5200.865
1,5224.795
1,5076.23
1,4972.735
1,4007.9025
1,4420.765
1,4439.685
1,4335.6325
1,4170.3775
1,3825.395
1,3600.6
1,3663.475
1,7458.2675
1,8648.455
1,8394.1675
1,8769.1975
1,4681.1725
1,8770.8675
1,9064.655
1,8597.815
1,8588.36
1,7202.8725
1,5385.0425
1,4520.3625
1,5017.2475
1,5196.9725
1,5060.65
1,4765.19
1,3880.4825
1,4229.355
1,4236.59
1,4129.7575
1,4131.985
1,3928.8875
1,3701.87
1,3888.8275
1,7561.7625
1,8863.785
1,8518.25
1,8339.6375
1,4430.78
1,8539.95
1,9084.1325
1,8567.215
1,8504.3375
1,7124.97
1,5192.5225
1,4565.435
1,5123.525
1,5052.8575
1,5022.2575
1,4676.72
1,3773.645
1,4377.3625
1,4399.6225
1,4175.94
1,4281.66
1,4081.905
1,4049.63
1,4145.8925
1,7765.97
1,8843.2
1,8843.2
1,8416.425
1,4578.2325
1,6820.055
1,8595.5925
1,8272.865
1,8377.475
1,6808.365
1,5282.6625
1,4372.9125
1,4846.9825
1,5015.5775
1,5087.915
1,4591.5875
1,3589.47
1,3890.495
1,3772.535
1,3908.3025
1,4012.9075
1,3967.84
1,3681.84
1,3716.89
1,7354.2175
1,7949.59
1,6656.465
1,6638.1025
1,4596.5975
1,8001.3375
1,8270.64
1,7876.1375
1,7464.39
1,5949.255
1,4840.86
1,4476.4075
1,5011.1275
1,4872.58
1,4700.085
1,4513.685
1,3723.015
1,4109.725
1,4114.175
1,3983.42
1,3818.7175
1,3329.625
1,3151.015
1,3175.4975
1,4756.8425
1,5368.35
1,5270.4175
1,5217.5575
1,3267.86
1,5026.7075
1,5080.1225
1,4777.4325
1,4177.0525
1,2942.355
1,2863.9
1,2933.4525
1,3133.765
1,3092.0325
1,3051.415
1,2909.5275
1,2640.22
1,2770.4225
1,2783.775
1,2739.8175
1,2637.9925
1,2459.9375
1,2470.5125
1,2579.57
1,3200.535
1,3521.0325
1,3460.94
1,3456.4875
1,2882.82
1,3556.085
1,3667.37
1,3696.8625
1,3549.41
1,3220.0125
1,3083.13
1,3160.4725
1,3295.6825
1,3261.74
1,3117.6275
1,2990.2075
1,2846.6525
1,3014.1325
1,3014.69
1,2691.965
1,2207.325
1,2351.9925
1,2836.635
1,3347.43
1,4295.57
1,7114.4
1,7303.5825
1,7231.8025
1,4336.19
1,5404.5175
1,7748.1625
1,7126.6425
1,6760.5175
1,5612.0625
1,4545.405
1,4004.5625
1,4647.2275
1,4957.1575
1,5024.48
1,4638.325
1,3682.395
1,4170.375
1,3861.5625
1,3766.415
1,3830.96
1,3530.4925
1,3492.655
1,3424.7725
1,6433.8975
1,7668.0375
1,8028.0425
1,8406.41
1,4902.6275
1,7219.005
1,8862.675
1,8563.875
1,8408.08
1,6759.4025
1,5514.6925
1,4868.685
1,5291.565
1,5317.1575
1,5112.95
1,4765.745
1,3763.0775
1,4176.4975
1,4209.885
1,4116.9575
1,4047.9625
1,3920.545
1,3664.0325
1,3868.795
1,7648.5625
1,8836.5225
1,8525.485
1,8588.915
1,4622.19
1,8536.0575
1,8969.505
1,8632.875
1,8709.105
1,7327.51
1,5804.0275
1,5136.8775
1,5578.1225
1,5706.0975
1,5539.1725
1,4875.9175
1,3774.2025
1,4287.225
1,4269.42
1,4161.47
1,4295.5675
1,3929.4475
1,3697.42
1,3976.74
1,7872.245
1,8945.025
1,8606.1675
1,8441.4625
1,4881.4825
1,8760.85
1,8878.255
1,8505.45
1,8298.4625
1,6933.0075
1,6072.7825
1,4934.3425
1,5235.92
1,5076.7875
1,4834.1875
1,4466.3925
1,3624.5275
1,4082.4625
1,4127.53
1,4185.3975
1,4069.665
1,3888.825
1,3568.3275
1,3875.4725
1,7574.5575
1,8684.6225
1,8441.4625
1,8252.8375
1,4687.8475
1,6779.99
1,8416.4225
1,8063.095
1,7640.215
1,5789.005
1,4557.09
1,4177.6075
1,4440.7975
1,4250.5
1,4003.45
1,3769.195
1,3101.49
1,3474.295
1,3398.065
1,3282.3275
1,3147.1175
1,2793.235
1,2493.3225
1,2668.0375
1,4581.0125
1,5402.29
1,5332.1825
1,5195.86
1,3048.6325
1,4435.235
1,5322.725
1,5075.1175
1,4343.98
1,2846.0925
1,2701.9775
1,2769.8625
1,2984.085
1,2821.615
1,2783.22
1,2689.1825
1,2463.2775
1,2588.4725
1,2529.49
1,2496.6625
1,2444.915
1,2198.4175
1,2151.6825
1,2157.245
1,2818.27
1,3063.655
1,3053.0825
1,3112.06
1,2526.705
1,2992.4325
1,3363.0075
1,3185.51
1,2939.015
1,2765.415
1,2689.18
1,2721.455
1,2466.0575
1,2471.0675
1,2429.89
1,2335.3
1,2211.2175
1,2321.3875
1,2351.4375
1,2334.745
1,2328.065
1,2275.205
1,2499.445
1,3289.005
1,6912.9775
1,8276.765
1,8291.23
1,8451.4775
1,4844.76
1,6028.82
1,8417.54
1,8396.395
1,8630.6475
1,7408.745
1,5910.8625
1,5043.9575
1,5306.59
1,5270.42
1,5161.9175
1,4844.2025
1,3821.5
1,4209.8825
1,4359.56
1,4431.3375
1,4307.255
1,3902.7375
1,3702.9825
1,4081.35
1,7655.24
1,8828.175
1,8539.95
1,8563.88
1,4980.5225
1,6705.985
1,9318.9375
1,8599.49
1,8470.4
1,7270.755
1,5804.5825
1,5238.7025
1,5328.2875
1,5495.7725
1,5176.9425
1,4930.445
1,3970.62
1,4476.965
1,4406.8525
1,4316.7125
1,4295.5725
1,4064.0975
1,3845.9825
1,4223.2375
1,8117.625
1,9430.2225
1,8941.6875
1,9031.27
1,5237.59
1,6759.4025
1,9583.795
1,9194.3025
1,9096.93
1,7114.4
1,5386.1575
1,4678.385
1,5322.7225
1,5528.6
1,5310.4825
1,5066.215
1,3866.0125
1,4198.7525
1,4441.355
1,4183.7275
1,4188.7375
1,3789.785
1,3613.3975
1,3846.5375
1,7568.995
1,8950.0325
1,8819.8275
1,8685.7325
1,4707.8775
1,6130.09
1,8931.115
1,8448.1425
1,8427.555
1,6751.61
1,5536.39
1,4943.2425
1,5139.66
1,5183.6175
1,4828.62
1,4407.41
1,3429.78
1,3694.08
1,3904.4075
1,3842.64
1,3948.365
1,3545.5175
1,3422.545
1,3734.1425
1,7547.85
1,8768.0825
1,8266.1925
1,8567.775
1,4683.395
1,5972.62
1,8510.46
1,7775.9875
1,7429.3325
1,5763.965
1,4487.5375
1,3918.8725
1,4389.0475
1,4379.0325
1,4184.2875
1,3890.495
1,3065.325
1,3361.34
1,3572.225
1,3437.5675
1,3336.3025
1,2839.4175
1,2536.7225
1,2617.96
1,4808.0325
1,5566.4325
1,5376.6975
1,5412.8625
1,3183.8425
1,4188.74
1,5447.3625
1,5216.445
1,4809.705
1,3382.4825
1,3271.755
1,3305.1425
1,3587.245
1,3572.2225
1,3386.9375
1,3203.875
1,2757.6225
1,2932.3375
1,3163.81
1,3050.8575
1,2976.855
1,2595.1475
1,2506.6775
1,2579.5675
1,3379.7
1,3640.11
1,3764.19
1,3700.1975
1,2762.6325
1,3266.19
1,3990.095
1,3905.52
1,3637.325
1,3023.5925
1,3119.8525
1,2999.11
1,3003.56
1,2847.2075
1,2748.1625
1,2704.7625
1,2500.0
1,2517.25
1,2568.4375
1,2635.21
1,2522.255
1,2463.8325
1,2622.415
1,3463.7225
1,7600.71
1,8797.5775
1,8556.645
1,8962.2725
1,4988.315
1,5474.6275
1,8392.5
1,9126.9725
1,8786.4425
1,7318.605
1,5727.2425
1,4649.455
1,5319.3875
1,5470.7325
1,5494.66
1,4999.4425
1,3805.365
1,3954.485
1,4246.6075
1,4162.0325
1,4034.0525
1,3820.3875
1,3679.0575
1,3922.7675
1,7920.0975
1,9265.5225
1,8962.275
1,8886.045
1,4889.825
1,6711.55
1,9542.6225
1,8888.8275
1,8517.1375
1,6923.5475
1,5629.8675
1,4555.975
1,5328.8425
1,5485.7575
1,5221.4525
1,4909.8575
1,3728.575
1,3860.45
1,4144.78
1,4111.95
1,4144.78
1,3814.2675
1,3531.0475
1,3874.3625
1,7934.0075
1,9270.53
1,9009.57
1,8718.56
1,4853.6625
1,6280.88
1,8471.5075
1,8171.0425
1,7913.42
1,6241.375
1,5164.1475
1,4823.6125
1,5752.8375
1,5632.65
1,5152.4575
1,4675.6075
1,3528.8225
1,3645.67
1,3959.49
1,3871.0225
1,3859.34
1,3563.32
1,3573.3375
1,3952.26
1,7981.3025
1,8994.545
1,8688.515
1,8709.105
1,5143.555
1,6784.44
1,9249.3875
1,8500.4425
1,8089.2475
1,6566.3275
1,5378.92
1,4917.0925
1,6045.515
1,5837.415
1,5769.53
1,4522.59
1,3260.625
1,3549.97
1,3735.81
1,3624.525
1,3837.08
1,3615.0675
1,3485.42
1,3647.895
1,6909.08
1,7522.255
1,7344.2
1,7110.505
1,4025.15
1,5434.0075
1,7466.055
1,7104.94
1,6608.0575
1,5019.475
1,3822.6125
1,3697.4175
1,4448.5875
1,4345.6475
1,4093.5875
1,3725.7925
1,3013.575
1,3296.2375
1,3570.0
1,3469.8425
1,3403.6275
1,2922.325
1,2611.8375
1,2737.59
1,4780.77
1,5238.15
1,5139.6625
1,5108.5
1,3054.1925
1,3957.2675
1,5201.4225
1,4902.6275
1,4313.935
1,2902.29
1,2729.245
1,2699.755
1,3037.5025
1,3084.8
1,2997.995
1,2942.3525
1,2415.9825
1,2562.32
1,2615.735
1,2576.785
1,2439.35
1,2132.205
1,2107.165
1,2175.05
1,3056.42
1,3399.175
1,3378.5875
1,3301.8025
1,2397.6175
1,2994.6575
1,3752.505
1,3585.0225
1,3289.56
1,2477.7425
1,2418.7625
1,2411.5275
1,2548.965
1,2571.2225
1,2553.9725
1,2541.175
1,2424.8825
1,2512.7975
1,2484.42
1,2456.6
1,2434.3425
1,2339.75
1,2754.2825
1,3495.995
1,8009.68
1,9208.2125
1,9119.185
1,9399.065
1,5888.0475
1,6829.5125
1,9424.66
1,9445.805
1,9026.2625
1,7503.3375
1,5860.785
1,5528.0425
1,6410.525
1,6823.9475
1,5979.855
1,5168.0375
1,3889.94
1,4056.8675
1,4441.35
1,4368.46
1,4301.69
1,4180.3925
1,4059.6475
1,4303.915
1,8240.0425
1,9520.3625
1,9187.0675
1,9005.675
1,5580.3475
1,7087.1375
1,9623.3025
1,9269.42
1,8932.2275
1,7221.7875
1,5919.205
1,4802.47
1,5437.9025
1,5550.3
1,5380.035
1,4705.0925
1,3682.3925
1,3998.445
1,4190.405
1,4015.69
1,4044.625
1,4091.92
1,4104.165
1,4445.8025
1,8068.6625
1,9336.745
1,9140.33
1,8869.3525
1,4744.605
1,6492.32
1,9041.845
1,8353.55
1,7822.725
1,6347.6525
1,4918.7625
1,4410.75
1,4575.45
1,4749.6125
1,4376.25
1,4140.33
1,3267.86
1,3514.355
1,3732.4725
1,3576.675
1,3413.6425
1,2972.96
1,2779.3225
1,2950.7025
1,5730.0225
1,6734.365
1,6561.32
1,6600.8225
1,3585.02
1,4841.4225
1,6779.4325
1,6365.4575
1,6021.59
1,4199.865
1,3514.91
1,3422.5475
1,3846.5375
1,3859.3375
1,3725.2375
1,3548.8525
1,2789.895
1,3172.7125
1,3408.0775
1,3251.1675
1,3085.3575
1,2662.475
1,2781.55
1,3089.25
1,6131.2025
1,7045.405
1,6981.415
1,6986.4225
1,3943.9125
1,5263.185
1,6867.9025
1,6302.025
1,5471.8425
1,4163.145
1,3358.0
1,3151.5725
1,3419.2075
1,3416.9825
1,3282.3275
1,3176.6075
1,2520.5875
1,2779.3225
1,2931.7825
1,2773.2025
1,2735.9225
1,2521.7025
1,2477.185
1,2512.7975
1,3654.02
1,3882.7075
1,3840.4175
1,3749.165
1,2611.2825
1,3142.665
1,3692.9675
1,3351.8775
1,2717.0025
1,2075.45
1,2033.72
1,2102.1575
1,2269.6425
1,2239.04
1,2192.2975
1,2171.15
1,1949.7
1,2024.2575
1,2054.31
1,2054.3075
1,1981.975
1,1877.92
1,1871.8
1,1916.87
1,2094.37
1,2139.4375
1,2147.2325
1,2157.245
1,1902.9575
1,1990.8725
1,2109.3925
1,2023.145
1,1935.79
1,1774.425
1,1724.35
1,1752.725
1,1767.7475
1,1762.7425
1,1752.1675
1,1747.7175
1,1702.09
1,1745.495
1,1735.475
1,1739.375
1,1747.7175
1,1692.0775
1,1684.845
1,1816.16
1,2227.91
1,2406.52
1,2408.7475
1,2422.6575
1,2051.525
1,2228.465
1,2384.2625
1,2294.125
1,2226.2425
1,1942.4675
1,1812.82
1,1762.74
1,1781.66
1,1753.8375
1,1739.3725
1,1696.5275
1,1634.21
1,1647.565
1,1657.5775
1,1668.15
1,1647.565
1,1610.2825
1,1621.9675
1,1736.035
1,2219.5625
1,2404.85
1,2423.2125
1,2396.505
1,1990.3175
1,2201.7575
1,2462.7175
1,2434.8975
1,2380.925
1,2052.6375
1,1903.515
1,1973.07
1,1978.0775
1,1936.9
1,1951.9275
1,1920.765
1,1831.7375
1,1887.94
1,1910.75
1,1920.765
1,1911.3075
1,1862.34
1,1870.13
1,1998.1075
1,2372.025
1,2617.405
1,2579.5675
1,2566.2125
1,2135.5425
1,2343.09
1,2608.5025
1,2443.8025
1,2384.82
1,2084.355
1,1915.76
1,1916.3125
1,1914.645
1,1865.1225
1,1853.435
1,1845.09
1,1810.595
1,1831.1825
1,1855.6675
1,1858.445
1,1855.11
1,1809.48
1,1814.49
1,1979.7425
1,2453.26
1,2767.08
1,2753.17
1,2708.1
1,2239.595
1,2492.7675
1,2689.74
1,2594.5875
1,2433.785
1,2005.34
1,1911.865
1,2017.5825
1,2062.655
1,2037.0575
1,2009.2375
1,1975.85
1,1944.1325
1,1963.6125
1,1974.18
1,1997.55
1,1986.98
1,1930.225
1,1937.4575
1,2084.91
1,2472.18
1,2572.335
1,2558.4225
1,2567.885
1,2129.425
1,2369.8
1,2546.7375
1,2423.2125
1,2284.1075
1,2058.76
1,2021.4775
1,2050.4125
1,2036.5
1,2023.705
1,2063.21
1,2045.96
1,1987.535
1,2025.93
1,1987.535
1,1917.985
1,1903.52
1,1850.1025
1,1848.9875
1,1934.6775
1,2301.9125
1,2458.265
1,2434.3425
1,2489.985
1,2072.6675
1,2246.8275
1,2400.9575
1,2297.4625
1,2198.42
1,1917.425
1,1862.895
1,1868.4625
1,1900.18
1,1899.065
1,1875.695
1,1812.2625
1,1821.1675
1,1809.4825
1,1813.3775
1,1821.7225
1,1817.8275
1,1752.17
1,1745.4925
1,1823.9475
1,2054.86
1,2148.8975
1,2160.025
1,2236.8125
1,2016.4675
1,2086.58
1,2094.925
1,2002.0025
1,2075.4525
1,1998.1075
1,1931.895
1,1952.4825
1,1920.2075
1,1830.0675
1,1823.9475
1,1810.0375
1,1811.7075
1,1795.0175
1,1808.925
1,1806.7025
1,1808.9225
1,1767.1925
1,1814.49
1,2079.345
1,3143.2225
1,3649.5625
1,3735.8125
1,3773.0925
1,2738.705
1,3213.3325
1,3824.8375
1,3645.67
1,3516.025
1,2589.025
1,2211.22
1,2193.4125
1,2179.5025
1,2108.8375
1,2076.5625
1,2045.96
1,1929.115
1,2010.35
1,2038.17
1,2045.4025
1,2037.0575
1,1976.9675
1,1995.325
1,2245.7125
1,3501.0025
1,3862.1175
1,3869.9075
1,3898.845
1,2684.1775
1,3269.5275
1,3981.1925
1,3759.1825
1,3623.415
1,2763.745
1,2336.41
1,2248.495
1,2262.41
1,2205.6525
1,2151.1225
1,2105.5
1,2091.03
1,2108.835
1,2088.805
1,2089.9175
1,2080.4575
1,2043.7325
1,2083.24
1,2350.88
1,3854.33
1,4326.175
1,4232.695
1,4229.3525
1,2766.525
1,3518.8075
1,4439.13
1,4183.73
1,4026.82
1,2908.97
1,2425.995
1,2417.0925
1,2534.4975
1,2424.3275
1,2386.49
1,2368.685
1,2294.68
1,2296.35
1,2343.085
1,2328.6225
1,2309.1475
1,2277.9875
1,2354.7725
1,2679.725
1,4938.7975
1,5732.8075
1,5727.7975
1,5676.055
1,3542.73
1,4613.8425
1,5911.9725
1,5410.6375
1,5138.55
1,3724.68
1,3179.39
1,3098.71
1,3197.1975
1,3066.9925
1,2980.19
1,2893.9425
1,2585.6875
1,2801.025
1,2852.215
1,2775.985
1,2601.8225
1,2424.3275
1,2535.61
1,2944.58
1,5280.9925
1,6102.825
1,6472.2875
1,6571.8875
1,3884.375
1,5194.19
1,6788.3375
1,6291.4525
1,5999.33
1,4404.0725
1,3499.8875
1,3218.34
1,3440.905
1,3408.0775
1,3306.255
1,3173.825
1,2669.1525
1,2947.92
1,3035.28
1,2892.835
1,2849.9875
1,2705.875
1,2525.595
1,2654.6875
1,4538.1725
1,5181.9475
1,5214.22
1,5105.165
1,3327.3975
1,4133.0975
1,5098.4875
1,4661.6975
1,3873.2475
1,2408.19
1,2266.3
1,2317.4925
1,2637.4375
1,2659.695
1,2608.5
1,2540.62
1,2193.41
1,2377.03
1,2459.38
1,2431.56
1,2413.755
1,2232.3625
1,2181.17
1,2254.6175
1,2684.73
1,2800.4675
1,2782.6625
1,2726.465
1,2360.895
1,2510.015
1,2713.11
1,2534.4975
1,2327.5125
1,2098.82
1,2039.28
1,2104.3825
1,2196.75
1,2204.54
1,2207.88
1,2181.725
1,1965.835
1,2031.495
1,2053.7475
1,2037.6125
1,2081.015
1,2038.725
1,2076.0075
1,2402.6275
1,4485.3075
1,5297.1275
1,5374.47
1,5367.7925
1,3335.745
1,4169.8175
1,5487.98
1,5278.765
1,4813.5975
1,3376.92
1,3256.73
1,3256.1775
1,3466.5025
1,3415.3125
1,3227.8
1,3066.9925
1,2630.2
1,2823.28
1,2957.935
1,2779.3225
1,2749.2775
1,2582.9075
1,2832.1825
1,3493.2125
1,5113.5075
1,7713.665
1,8024.7025
1,8232.805
1,4595.48
1,4977.745
1,7527.2625
1,8075.8925
1,7662.475
1,6346.54
1,5304.92
1,4659.47
1,4820.275
1,4919.875
1,4867.015
1,4685.065
1,3410.305
1,3640.1075
1,3883.2625
1,3829.8475
1,3876.0275
1,3864.9
1,3855.9975
1,3918.3175
1,7295.79
1,8401.9575
1,8299.575
1,8642.8875
1,5065.6575
1,6120.63
1,8410.3025
1,8329.0675
1,8216.115
1,6613.6225
1,5228.1325
1,4552.6375
1,5080.125
1,4938.795
1,4895.9475
1,4546.5175
1,3459.2725
1,3721.345
1,3910.5275
1,3814.8225
1,3948.92
1,3575.5625
1,3567.7725
1,3990.095
1,8080.35
1,8932.7825
1,8843.2
1,8526.04
1,4920.9875
1,6318.715
1,8877.7
1,8329.0675
1,8179.3875
1,6522.9225
1,5100.155
1,4685.6225
1,4895.95
1,4914.31
1,4713.445
1,4292.23
1,3324.6175
1,3572.78
1,3828.7325
1,3746.3825
1,3922.21
1,3937.235
1,3652.905
1,3917.205
1,7640.775
1,8528.265
1,8094.8125
1,8305.14
1,4801.9125
1,6266.97
1,8439.795
1,7949.03
1,7599.0425
1,5830.18
1,4439.1275
1,3941.1275
1,4332.2925
1,4369.575
1,4248.8325
1,3879.9225
1,3049.1875
1,3262.3
1,3552.75
1,3500.445
1,3376.92
1,2908.965
1,2652.4625
1,2665.2575
1,4548.74
1,5145.78
1,5121.2975
1,5066.2125
1,3141.555
1,3967.285
1,5103.4925
1,4964.945
1,4193.19
1,2908.4125
1,2729.245
1,2715.3325
1,2754.8425
1,2656.355
1,2585.6875
1,2518.9175
1,2284.665
1,2341.975
1,2395.9475
1,2389.8275
1,2389.2725
1,2272.98
1,2225.685
1,2316.38
1,3241.15
1,3519.3625
1,3524.3725
1,3599.4875
1,2664.7
1,3001.8925
1,3843.2025
1,3993.4325
1,3618.4075
1,3145.45
1,2930.1125
1,2772.0875
1,2782.105
1,2853.3275
1,2829.4
1,2729.8025
1,2558.4225
1,2546.74
1,2641.89
1,2579.5675
1,2571.2225
1,2603.4925
1,2959.6025
1,3744.1575
1,7427.665
1,8836.5225
1,8824.28
1,9381.815
1,5647.115
1,5680.5
1,8260.6275
1,8827.065
1,8546.07
1,7044.845
1,5320.4975
1,4778.5425
1,5371.6875
1,5426.775
1,4959.3825
1,4499.775
1,3391.3875
1,3914.9775
1,4309.4825
1,4314.4875
1,4223.2375
1,3837.08
1,3784.775
1,4331.1825
1,8167.145
1,9114.735
1,8832.6275
1,9138.66
1,5109.055
1,6820.0525
1,9348.43
1,8955.04
1,8870.4625
1,6990.3175
1,5587.58
1,4793.015
1,5094.59
1,5074.5625
1,4880.925
1,4598.2625
1,3617.85
1,4080.2375
1,4184.84
1,4119.74
1,4090.25
1,4019.0275
1,3952.26
1,4304.47
1,7785.9975
1,8739.7075
1,8798.6875
1,8931.1125
1,5492.4325
1,6878.475
1,8847.65
1,8475.96
1,8056.4225
1,6190.185
1,4879.255
1,4476.9625
1,5086.8025
1,4971.065
1,4986.645
1,4592.7
1,3577.7875
1,3742.49
1,3956.71
1,3884.375
1,3735.81
1,3322.945
1,3308.48
1,3754.73
1,7664.145
1,8941.13
1,9017.3575
1,9106.3875
1,5406.7425
1,7113.2875
1,9515.915
1,9158.6925
1,8879.9225
1,6919.0975
1,5426.215
1,4701.7575
1,5063.4325
1,5450.7
1,5412.3075
1,5003.895
1,3689.6275
1,3966.1675
1,4297.24
1,4222.1225
1,3901.07
1,3652.35
1,3452.0375
1,3918.875
1,7038.17
1,7636.88
1,7676.385
1,8002.4475
1,4549.855
1,5662.6975
1,7577.3425
1,7266.86
1,6914.6425
1,5594.8125
1,4500.335
1,4094.1475
1,4308.3675
1,4064.655
1,3942.2425
1,3797.575
1,3106.4975
1,3247.83
1,3388.0475
1,3274.5375
1,3198.8625
1,2870.575
1,2621.8575
1,2585.1325
1,4242.155
1,4788.56
1,4752.95
1,4619.9625
1,2892.275
1,3776.43
1,4797.46
1,4500.335
1,3845.9825
1,2572.3325
1,2439.35
1,2514.4675
1,2657.47
1,2595.7025
1,2590.1375
1,2540.6175
1,2250.7225
1,2421.545
1,2463.2775
1,2443.8025
1,2372.02
1,2259.625
1,2194.525
1,2285.2225
1,3087.5825
1,3328.51
1,3303.4725
1,3337.9675
1,2611.285
1,3076.45
1,3529.935
1,3362.455
1,3326.285
1,2955.155
1,2773.76
1,2752.0575
1,2711.44
1,2577.9
1,2518.915
1,2498.3325
1,2357.555
1,2447.14
1,2438.7925
1,2417.0925
1,2405.405
1,2419.8725
1,2583.4625
1,3245.0475
1,6896.285
1,7807.7
1,7775.985
1,7609.6125
1,4216.0025
1,5484.6425
1,7713.665
1,7799.355
1,7636.3225
1,6683.7275
1,5732.2475
1,4964.945
1,5126.3075
1,4853.6625
1,4767.415
1,4420.2075
1,3697.975
1,3750.2775
1,3875.4725
1,3861.5625
1,3795.345
1,3482.0825
1,3241.71
1,3373.5825
1,7014.2425
1,8317.9375
1,8357.4425
1,7492.765
1,3854.8825
1,5605.9425
1,8052.525
1,7690.8525
1,7675.8275
1,6290.895
1,5182.505
1,4543.735
1,5116.8475
1,4792.455
1,4691.1875
1,4433.5625
1,3702.425
1,3916.6475
1,3861.5625
1,3784.2175
1,3719.115
1,3413.085
1,3320.165
1,3601.155
1,7130.535
1,8162.6975
1,8207.765
1,7561.7625
1,4043.51
1,5639.88
1,8396.95
1,7650.79
1,7391.4925
1,6057.755
1,4912.085
1,4270.5325
1,4731.25
1,4644.445
1,4487.535
1,4267.195
1,3606.7225
1,3592.255
1,3695.1925
1,3603.3825
1,3473.1825
1,3250.615
1,3370.245
1,3616.735
1,7265.745
1,8299.5775
1,8094.2575
1,8150.455
1,4577.12
1,6756.62
1,8396.3925
1,8046.405
1,7615.7375
1,6248.0525
1,5171.3775
1,4378.4775
1,4868.1275
1,4752.95
1,4591.585
1,4096.93
1,3398.065
1,3709.66
1,3682.95
1,3685.7325
1,3687.955
1,3580.5675
1,3508.7925
1,3844.3125
1,5234.81
1,5975.96
1,7082.6825
1,7557.865
1,4716.78
1,7742.0425
1,7627.42
1,7325.84
1,6912.975
1,5725.015
1,4680.615
1,3997.33
1,4173.16
1,4149.79
1,4132.54
1,3814.825
1,3179.945
1,3637.325
1,3690.185
1,3514.9125
1,3487.0925
1,3201.6475
1,2871.6875
1,2890.05
1,4673.38
1,5270.4225
1,5319.385
1,5240.3725
1,3439.7925
1,5088.4725
1,5081.2375
1,4824.7275
1,4175.3825
1,2779.88
1,2604.6075
1,2680.2825
1,2936.235
1,2870.575
1,2781.55
1,2710.8825
1,2338.6375
1,2520.03
1,2508.3475
1,2491.0975
1,2382.0375
1,2265.19
1,2224.015
1,2253.505
1,3165.4825
1,3690.185
1,3756.4
1,3680.725
1,2615.735
1,3548.2975
1,3617.85
1,3493.2125
1,3149.9
1,2771.5325
1,2643.0
1,2577.8975
1,2546.74
1,2545.07
1,2468.84
1,2404.295
1,2250.7225
1,2348.095
1,2351.99
1,2355.885
1,2380.3675
1,2306.3625
1,2451.0325
1,2999.665
1,4716.78
1,8075.3375
1,8473.18
1,8278.4325
1,4889.8275
1,6298.6875
1,8604.495
1,8452.5925
1,8211.105
1,7055.42
1,6136.7675
1,4984.42
1,5087.915
1,5323.28
1,5313.8225
1,4659.47
1,3777.5425
1,4231.0275
1,4294.4575
1,4241.0425
1,4175.385
1,3830.4
1,3691.8525
1,3953.9275
1,7260.1825
1,8570.555
1,8539.95
1,8734.6975
1,4931.56
1,6991.9875
1,9039.0625
1,8699.0875
1,8744.7125
1,7254.06
1,5688.2925
1,4647.2275
1,4999.4425
1,5107.945
1,5039.5075
1,4730.1375
1,3624.525
1,3880.48
1,3893.835
1,3947.805
1,3951.145
1,3621.7425
1,3590.585
1,3877.695
1,7775.4275
1,9126.4175
1,8895.5025
1,8847.65
1,4900.9575
1,5769.53
1,8444.8025
1,8664.0325
1,8496.55
1,6753.8375
1,5445.1375
1,4703.4275
1,4874.805
1,4978.2975
1,4810.26
1,4587.69
1,3626.195
1,4105.275
1,4108.6125
1,4026.82
1,3973.96
1,3803.1375
1,3724.1275
1,3709.1025
1,7137.2125
1,8228.3575
1,8174.9375
1,8093.1475
1,4505.34
1,6783.33
1,8386.3775
1,8028.045
1,7609.615
1,6319.275
1,5263.1875
1,4537.0575
1,4971.6225
1,4836.9675
1,4679.5
1,4375.695
1,3526.5975
1,3968.3925
1,3952.255
1,3929.445
1,3854.33
1,3504.895
1,3526.0425
1,3603.3825
1,6916.87
1,7893.39
1,7521.145
1,7443.8025
1,4210.995
1,6076.675
1,7616.2925
1,7188.405
1,6784.9975
1,5403.96
1,4205.985
1,3608.945
1,4089.6975
1,4006.785
1,3851.5475
1,3662.365
1,2877.2525
1,3246.16
1,3250.61
1,3219.4525
1,3211.1075
1,2923.9925
1,2753.1725
1,2775.9825
1,5072.89
1,5737.26
1,5693.3
1,5730.0225
1,3556.0875
1,5751.1675
1,5751.7225
1,5393.945
1,4739.595
1,3077.5675
1,2959.6025
1,3063.0975
1,3331.8525
1,3155.4625
1,3070.3325
1,2969.6175
1,2596.8175
1,2836.6325
1,2809.37
1,2769.305
1,2714.2225
1,2540.6175
1,2423.77
1,2466.055
1,3795.3475
1,4214.3325
1,4172.6
1,4144.78
1,2849.4325
1,4173.1575
1,4741.265
1,4426.33
1,3756.9575
1,3017.47
1,2694.19
1,2712.5525
1,2691.41
1,2706.4325
1,2594.5925
1,2543.4
1,2415.98
1,2533.385
1,2538.39
1,2542.845
1,2535.0525
1,2469.4
1,2570.1075
1,3307.9225
1,6897.9525
1,8077.0075
1,8029.71
1,8006.8975
1,4835.855
1,6361.005
1,7773.76
1,7955.15
1,7816.605
1,6742.1525
1,5636.545
1,4619.9625
1,4857.555
1,4574.3375
1,4407.4125
1,4273.87
1,3430.3375
1,3923.325
1,3972.8475
1,3809.26
1,3635.655
1,3384.7075
1,3510.4575
1,3647.34
1,6630.87
1,7792.12
1,7830.515
1,7380.37
1,4229.3575
1,5663.81
1,7068.775
1,6272.535
1,4544.8475
1,3586.1325
1,3447.03
1,3317.3825
1,3183.8425
1,2902.2925
1,2686.4025
1,2333.63
1,2064.32
1,2107.1675
1,2065.9925
1,2026.485
1,2014.8
1,1957.4925
1,1906.2975
1,1909.6375
1,2122.745
1,2167.26
1,2168.93
1,2171.1575
1,1861.2275
1,2143.335
1,2143.335
1,2049.8525
1,1927.4425
1,1758.8475
1,1765.5225
1,1792.2325
1,1805.03
1,1804.475
1,1788.895
1,1778.8775
1,1672.6025
1,1762.1875
1,1755.5075
1,1762.7425
1,1759.405
1,1748.2775
1,1694.3
1,1698.2
1,1710.9975
1,1749.3875
1,1796.685
1,1802.805
1,1615.8475
1,1778.8775
1,1767.7525
1,1770.5325
1,1743.27
1,1715.4475
1,1746.605
1,1779.9925
1,1772.755
1,1773.8675
1,1779.99
1,1765.5225
1,1652.0125
1,1757.7325
1,1748.275
1,1737.7025
1,1749.3875
1,1749.3875
1,1704.3175
1,1712.1075
1,1877.3625
1,1945.805
1,1889.05
1,1895.1725
1,1729.3575
1,1900.735
1,1908.525
1,1879.59
1,1856.7775
1,1770.5325
1,1778.8775
1,1808.37
1,1805.585
1,1800.02
1,1784.4425
1,1768.3075
1,1674.8275
1,1780.5475
1,1771.6425
1,1772.7575
1,1781.1025
1,1758.8475
1,1726.0175
1,1805.03
1,2456.045
1,2733.14
1,2754.84
1,2745.9375
1,2180.615
1,2737.035
1,2724.2375
1,2618.5175
1,2466.615
1,2091.03
1,2103.2725
1,2096.0375
1,2148.8975
1,2155.0175
1,2137.2125
1,2136.1
1,1984.1975
1,2128.87
1,2113.285
1,2098.8225
1,2097.7075
1,2077.675
1,2041.51
1,2107.7225
1,2992.4325
1,3333.52
1,3363.565
1,3381.9275
1,2251.8375
1,3345.7575
1,3327.3975
1,3181.6175
1,2844.4275
1,2216.78
1,2197.3075
1,2163.9225
1,2186.18
1,2261.8525
1,2255.73
1,2225.1275
1,2180.0575
1,2216.78
1,2197.305
1,2226.8
1,2282.9925
1,2283.555
1,2234.5875
1,2596.2575
1,5321.055
1,6473.9575
1,6559.0925
1,6635.8775
1,3988.9825
1,6769.975
1,6940.7975
1,6478.965
1,6023.255
1,4425.215
1,3809.815
1,3861.005
1,4075.2275
1,4290.005
1,4139.775
1,3957.82
1,3315.7125
1,3779.7675
1,3696.8625
1,3506.5625
1,3378.0325
1,3169.3775
1,3186.065
1,3499.3325
1,6561.8725
1,7993.5475
1,8087.025
1,8248.94
1,4493.1
1,6058.8675
1,8180.505
1,8104.83
1,7777.0975
1,6414.42
1,5648.23
1,4719.0075
1,5175.83
1,5209.2125
1,5334.41
1,4971.065
1,3893.835
1,4273.87
1,4347.875
1,4283.3275
1,4225.46
1,3820.3875
1,3728.0225
1,3740.82
1,6840.085
1,7910.08
1,7713.665
1,7931.225
1,4376.25
1,7994.655
1,8313.485
1,7930.6675
1,7851.1025
1,6482.8625
1,5564.21
1,4777.43
1,5245.38
1,5300.465
1,5255.9525
1,4559.3125
1,3384.71
1,3888.825
1,3941.13
1,3916.6475
1,3767.5275
1,3485.98
1,3340.1975
1,3604.495
1,7244.045
1,8385.265
1,8315.1575
1,8232.2475
1,4962.1625
1,8354.66
1,8443.1325
1,7926.775
1,7693.635
1,6446.14
1,5341.0825
1,4651.6825
1,4979.9675
1,4932.6725
1,4747.94
1,4357.335
1,3396.95
1,3743.045
1,3804.2475
1,3730.8025
1,3661.2525
1,3520.4775
1,3449.255
1,3435.8975
1,6557.4225
1,7800.47
1,7864.4525
1,7794.9025
1,4210.995
1,7753.17
1,7477.7425
1,7087.6925
1,7238.4825
1,6131.2
1,4920.4325
1,4266.6375
1,4475.85
1,4354.5525
1,4096.9275
1,3859.8925
1,3155.4625
1,3688.515
1,3611.7275
1,3451.48
1,3376.365
1,3045.85
1,2730.9175
1,2630.205
1,4471.955
1,4997.775
1,4865.345
1,4755.175
1,2616.8475
1,4344.535
1,4872.0225
1,4581.015
1,3947.2525
1,2600.715
1,2590.6975
1,2616.85
1,2809.925
1,2834.965
1,2692.5225
1,2553.4175
1,2274.65
1,2458.27
1,2402.625
1,2348.6525
1,2285.22
1,2139.4375
1,2004.23
1,2078.79
1,3479.3025
1,3829.2875
1,3770.3075
1,3756.955
1,2633.5425
1,3671.8225
1,4056.865
1,3893.835
1,3340.7525
1,2813.2625
1,2759.29
1,2664.7
1,2566.215
1,2522.255
1,2498.33
1,2428.7775
1,2330.2925
1,2382.595
1,2314.155
1,2266.8575
1,2250.165
1,2245.16
1,2525.595
1,3138.2175
1,6761.6275
1,8078.12
1,8129.87
1,8376.9175
1,4721.2325
1,7079.9025
1,8310.1475
1,7926.2175
1,7886.715
1,6560.2025
1,5401.18
1,4531.4925
1,5224.795
1,5320.4975
1,4961.0475
1,4512.0175
1,3670.71
1,4261.6275
1,4386.825
1,4194.8575
1,4042.9575
1,3819.275
1,3521.0325
1,3524.93
1,7014.245
1,8458.7125
1,8394.7225
1,8363.565
1,4758.5125
1,7102.1575
1,8546.625
1,8271.755
1,8172.71
1,6838.415
1,5696.6375
1,4780.215
1,5162.475
1,5400.0675
1,5297.13
1,4988.315
1,3861.005
1,4233.25
1,4361.2275
1,4337.86
1,4272.7575
1,3812.0425
1,3824.2825
1,4075.2275
1,7692.5225
1,8750.2775
1,8511.5725
1,8490.985
1,5168.04
1,7699.755
1,7874.47
1,7559.535
1,7582.35
1,6130.0925
1,5265.9675
1,4631.65
1,5470.1775
1,5324.95
1,5208.6575
1,4801.3575
1,3671.2675
1,4141.4425
1,4182.6175
1,4269.9775
1,4174.27
1,4028.4875
1,3822.0575
1,4040.175
1,7524.48
1,8228.355
1,8125.9725
1,8189.9625
1,4681.17
1,7934.005
1,7955.71
1,7498.885
1,7306.92
1,6032.16
1,5110.17
1,4624.4125
1,5250.9475
1,4984.9775
1,4863.1175
1,4659.47
1,3671.2675
1,4083.575
1,4073.0025
1,3898.8425
1,3771.9775
1,3580.5725
1,3410.8625
1,3651.7925
1,6569.6625
1,7438.2375
1,7425.44
1,7344.76
1,4086.355
1,7392.6125
1,7447.6975
1,7063.7625
1,6789.4475
1,5516.3575
1,4538.725
1,4060.205
1,4638.325
1,4667.815
1,4387.9375
1,4032.3825
1,3370.245
1,3718.565
1,3622.8575
1,3499.8875
1,3470.4
1,3149.9
1,2919.5425
1,2755.3975
1,4200.4225
1,4739.0375
1,4705.0975
1,4577.12
1,2925.105
1,4590.475
1,4751.835
1,4554.305
1,3990.0925
1,2746.4925
1,2717.0025
1,2666.37
1,2897.8425
1,2868.9075
1,2800.47
1,2724.7975
1,2366.46
1,2641.3325
1,2607.9425
1,2599.6
1,2550.6325
1,2394.28
1,2288.0025
1,2326.955
1,3092.59
1,3373.58
1,3373.025
1,3319.0525
1,2486.0875
1,3285.11
1,3283.9975
1,3099.8225
1,2766.525
1,2348.0975
1,2371.4675
1,2437.125
1,2431.56
1,2444.3575
1,2442.69
1,2388.1575
1,2176.1625
1,2294.68
1,2274.0925
1,2310.26
1,2287.4475
1,2252.9475
1,2232.36
1,2397.06
1,4399.0625
1,5131.87
1,5115.18
1,5209.2125
1,3253.95
1,4879.255
1,5672.715
1,5391.72
1,5066.77
1,3903.8525
1,3891.0525
1,3521.59
1,3575.005
1,3671.82
1,3569.995
1,3426.9975
1,2849.9875
1,3168.8175
1,3197.755
1,3103.16
1,2948.475
1,2785.4425
1,2821.055
1,3236.7
1,4321.7225
1,4201.5375
1,7058.2
1,8249.4975
1,4158.135
1,7976.295
1,8518.805
1,7790.45
1,7372.58
1,5972.065
1,4775.205
1,4185.4
1,4245.4925
1,4300.0225
1,4298.3525
1,3933.895
1,3274.5375
1,3823.17
1,3812.595
1,3813.1525
1,3826.5075
1,3550.525
1,3449.8125
1,3849.8775
1,6311.485
1,6725.4625
1,6100.6
1,6256.9525
1,4407.41
1,6004.3375
1,6167.37
1,5952.0375
1,5615.4
1,4750.1675
1,4088.58
1,3940.0175
1,4241.5975
1,4494.7675
1,4303.915
1,4034.0525
1,3047.5175
1,3510.46
1,3495.9925
1,3328.51
1,3420.3175
1,3050.8575
1,2885.0425
1,2969.62
1,6227.4625
1,7507.235
1,7637.4375
1,8013.5775
1,4471.955
1,8229.4675
1,8289.56
1,7800.4675
1,7422.1025
1,6230.8025
1,5151.345
1,4316.7125
1,4984.42
1,4933.7875
1,4609.3925
1,4276.095
1,3370.7975
1,3798.685
1,3753.615
1,3678.4975
1,3718.0075
1,3494.325
1,3276.2075
1,3464.8375
1,6451.1425
1,7601.27
1,7469.3975
1,7745.38
1,4309.4825
1,7428.7775
1,7373.135
1,6795.5725
1,6801.69
1,5748.94
1,4603.27
1,3733.585
1,4041.285
1,3989.5425
1,3852.6575
1,3590.03
1,2931.7825
1,3299.5775
1,3383.595
1,3383.5975
1,3302.915
1,3035.8325
1,2821.0525
1,2777.6525
1,4489.76
1,4908.745
1,4877.0325
1,4750.1675
1,3014.69
1,4687.845
1,4612.1725
1,4283.33
1,3775.3175
1,2566.7725
1,2600.155
1,2706.99
1,2993.545
1,3024.15
1,2858.3375
1,2682.505
1,2361.4525
1,2571.7775
1,2520.0325
1,2453.8175
1,2472.1775
1,2318.05
1,2247.9425
1,2269.085
1,3113.1775
1,3459.8275
1,3408.635
1,3268.9725
1,2362.0075
1,3562.765
1,3728.5775
1,3580.57
1,2985.1975
1,2633.54
1,2738.1475
1,2346.425
1,2431.56
1,2375.36
1,2361.45
1,2310.815
1,2224.015
1,2287.445
1,2273.5375
1,2304.695
1,2286.335
1,2306.9225
1,2523.37
1,3106.4975
1,6310.37
1,7502.225
1,7540.6175
1,7672.49
1,4312.2625
1,6929.6675
1,7857.2225
1,7878.365
1,7600.7125
1,6298.13
1,5502.4475
1,4828.065
1,4959.9375
1,5275.43
1,5318.2725
1,4729.02
1,3452.5925
1,3880.48
1,3921.1
1,4040.7275
1,3960.605
1,3573.3375
1,3479.8575
1,3581.6825
1,6437.2325
1,7607.9425
1,7574.005
1,7780.435
1,4249.385
1,7662.475
1,7757.6225
1,7394.2825
1,7374.805
1,6296.46
1,5263.7425
1,4296.125
1,4844.7575
1,4816.38
1,4638.325
1,4288.335
1,3170.49
1,3765.8575
1,3781.9975
1,3665.145
1,3788.115
1,3567.7725
1,3312.93
1,3125.975
1,6079.4575
1,7345.8675
1,7597.9325
1,7084.3525
1,3759.18
1,6891.275
1,7316.3775
1,6955.8175
1,6930.2225
1,6029.3775
1,4944.9125
1,4456.93
1,4889.83
1,4931.56
1,4868.1275
1,4438.0125
1,3169.93
1,3705.2075
1,3768.64
1,3750.835
1,3882.15
1,3585.5775
1,3443.1325
1,3522.1425
1,6190.1825
1,6946.3625
1,6900.175
1,7071.555
1,4189.85
1,7155.02
1,7517.8075
1,7084.3525
1,6981.4175
1,5410.64
1,4691.185
1,4461.38
1,4895.95
1,4815.2675
1,4548.74
1,4135.8775
1,3089.2475
1,3661.25
1,3768.0825
1,3695.75
1,3863.23
1,3448.1425
1,3108.725
1,3173.825
1,5824.6175
1,6930.225
1,6805.5875
1,6761.07
1,3908.8575
1,6575.7875
1,6595.815
1,6373.805
1,6108.945
1,4718.4475
1,3957.825
1,3962.8325
1,4410.1925
1,4272.7575
1,4119.185
1,3750.835
1,2952.93
1,3272.315
1,3307.9225
1,3261.7425
1,3252.2775
1,2782.665
1,2602.3825
1,2602.3825
1,4103.6025
1,4637.7675
1,4550.9675
1,4521.475
1,2703.09
1,4388.4925
1,4458.6
1,4111.395
1,3613.955
1,2557.3125
1,2561.2075
1,2518.9175
1,2758.18
1,2779.88
1,2699.755
1,2534.4975
1,2245.7125
1,2550.635
1,2517.805
1,2478.3
1,2425.44
1,2245.7125
1,2073.7825
1,2096.595
1,2873.3575
1,3129.8675
1,3152.125
1,3165.48
1,2678.61
1,3538.28
1,3697.4175
1,3436.455
1,3147.6725
1,2828.845
1,2776.5425
1,2738.705
1,2709.77
1,2723.125
1,2711.9975
1,2651.345
1,2694.745
1,2695.86
1,2675.2725
1,2683.62
1,2710.3275
1,2740.93
1,2748.1625
1,3039.1725
1,6230.8025
1,7428.7775
1,7754.84
1,7522.255
1,4321.1675
1,7446.585
1,7717.56
1,7383.7075
1,7114.9525
1,5901.4025
1,4986.645
1,4384.04
1,4667.2575
1,4790.2325
1,4712.33
1,4290.0075
1,3322.9475
1,3829.29
1,3753.0625
1,3715.78
1,4145.895
1,3781.4375
1,3478.745
1,3390.27
1,6208.5475
1,7172.8225
1,7180.0575
1,7336.41
1,4022.3675
1,7125.5275
1,7309.1475
1,7220.12
1,7108.2775
1,5830.18
1,4976.6325
1,4577.675
1,4771.31
1,4808.035
1,4752.39
1,4155.91
1,3317.94
1,3746.9375
1,3741.3775
1,3762.52
1,3977.3
1,3751.945
1,3463.72
1,3424.77
1,6167.37
1,7408.19
1,7193.9675
1,7320.28
1,4440.795
1,7333.0725
1,7492.21
1,7251.28
1,6825.0625
1,5896.395
1,5166.3725
1,4622.19
1,4844.2025
1,4851.9925
1,4893.165
1,4433.5625
1,3492.1
1,3896.615
1,3852.66
1,4020.7
1,3960.605
1,3694.635
1,3622.3
1,3687.9575
1,6354.325
1,7264.6325
1,7044.2925
1,6654.7975
1,3659.025
1,6490.6525
1,6889.605
1,6878.4775
1,6654.795
1,5513.575
1,4951.0325
1,4589.9175
1,4795.235
1,4833.63
1,4764.075
1,4263.2975
1,3188.2925
1,3700.7575
1,3669.6
1,3736.37
1,3710.215
1,3526.5975
1,3315.155
1,3525.485
1,6226.3525
1,7383.705
1,6990.875
1,6889.05
1,3748.05
1,6477.2975
1,6582.46
1,6338.75
1,6347.095
1,5125.195
1,4288.34
1,4015.6925
1,4057.4225
1,3914.9775
1,3800.355
1,3520.4775
1,2919.54
1,3203.315
1,3378.03
1,3421.99
1,3234.4775
1,2701.425
1,2589.5825
1,2573.4475
1,4425.2175
1,5015.025
1,4927.665
1,4762.405
1,2673.0425
1,4682.285
1,4734.0325
1,4429.6675
1,3901.625
1,2848.3175
1,2871.6875
1,2884.4875
1,2999.11
1,2936.7925
1,2836.635
1,2680.8375
1,2387.6025
1,2592.365
1,2580.125
1,2536.1675
1,2537.835
1,2482.7525
1,2385.3775
1,2382.5975
1,2905.075
1,3190.5175
1,3244.49
1,3296.795
1,2731.4725
1,3325.1725
1,3507.675
1,3242.265
1,2819.94
1,2505.0075
1,2476.0725
1,2455.485
1,2419.875
1,2379.255
1,2355.8875
1,2350.3225
1,2299.6875
1,2375.915
1,2443.8025
1,2377.0325
1,2372.0225
1,2346.98
1,2523.925
1,3015.2475
1,5724.46
1,6789.4475
1,6762.185
1,6648.6775
1,3746.385
1,6445.025
1,6869.0175
1,6658.69
1,6569.665
1,5518.585
1,4949.3675
1,4321.1675
1,4610.505
1,4564.88
1,4707.325
1,3992.875
1,3035.2775
1,3536.6125
1,3532.1575
1,3623.415
1,3795.35
1,3517.695
1,3337.9725
1,3271.2
1,5752.84
1,6875.14
1,7072.11
1,7098.8175
1,4017.36
1,7157.2425
1,7369.795
1,7156.6875
1,6796.1275
1,5814.045
1,4890.3825
1,4306.6975
1,4453.595
1,5025.5925
1,4889.2725
1,4468.6175
1,3413.085
1,3861.5625
1,3785.885
1,3755.285
1,3833.74
1,3428.11
1,3142.665
1,3122.0775
1,6099.4875
1,7138.88
1,7013.13
1,6552.97
1,3736.3675
1,6953.5925
1,7295.7925
1,7386.49
1,7041.5075
1,5793.4575
1,4925.995
1,4573.7825
1,5031.7175
1,4692.8575
1,4559.3125
1,4208.765
1,3278.4325
1,3793.1225
1,3696.86
1,3684.0625
1,3832.63
1,3601.715
1,3294.0125
1,3267.305
1,6378.255
1,7380.3675
1,7328.065
1,7132.2075
1,3932.2275
1,7032.05
1,7099.375
1,6938.57
1,6767.7475
1,5412.865
1,4659.47
1,4154.24
1,4645.0025
1,4562.095
1,4705.6525
1,4227.6875
1,3161.0275
1,3730.2475
1,3719.675
1,3714.67
1,3889.3825
1,3692.41
1,3633.985
1,3936.68
1,6432.2275
1,7231.245
1,7183.395
1,7444.9125
1,4777.4325
1,7345.3125
1,7209.5475
1,6936.345
1,6708.77
1,5267.635
1,4485.8675
1,4195.9725
1,4426.3325
1,4403.515
1,4243.8225
1,3917.7625
1,2967.95
1,3488.76
1,3512.1275
1,3517.1375
1,3558.8675
1,3118.185
1,2821.6125
1,2844.425
1,4852.55
1,5535.835
1,5337.75
1,5301.0225
1,3154.9075
1,5366.68
1,5370.5775
1,4894.28
1,4224.905
1,2980.1925
1,2959.605
1,3118.7375
1,3352.4375
1,3305.14
1,3216.67
1,3043.6225
1,2770.4225
1,2948.4775
1,2882.26
1,2766.525
1,2663.585
1,2556.7525
1,2466.0575
1,2422.6575
1,2959.6025
1,3029.1575
1,2962.9425
1,2934.565
1,2349.7675
1,2954.04
1,3052.525
1,3030.2675
1,2800.4675
1,2481.6375
1,2340.3075
1,2170.0425
1,2156.69
1,2162.8075
1,2136.655
1,2042.6225
1,2002.5575
1,2081.015
1,2099.375
1,2111.6175
1,2145.0025
1,2199.53
1,2373.1375
1,2890.61
1,6251.39
1,7036.4975
1,7069.3275
1,7264.6325
1,3964.5
1,6982.5275
1,7197.3075
1,6734.365
1,6978.63
1,5740.04
1,4952.705
1,4523.7025
1,4894.28
1,4672.2675
1,4477.52
1,4119.74
1,3340.75
1,3785.3325
1,3760.2925
1,3765.8575
1,3998.9975
1,3730.805
1,3509.905
1,3693.525
1,5039.5025
1,7556.755
1,7277.9875
1,7326.9525
1,4018.4725
1,7170.5975
1,7513.91
1,7222.345
1,7048.1875
1,6121.1875
1,5309.37
1,4388.4925
1,4693.41
1,4695.08
1,4701.2025
1,4325.6175
1,3276.7625
1,3766.415
1,3882.7075
1,3884.93
1,4070.7775
1,3675.715
1,3358.5575
1,3432.5625
1,6660.915
1,7669.7075
1,7298.575
1,7145.0025
1,4500.335
1,7625.75
1,7902.8475
1,7437.68
1,7441.02
1,6234.14
1,5066.77
1,4488.6475
1,4980.525
1,4880.9275
1,4645.0025
1,4238.2575
1,3457.045
1,3766.4125
1,3818.7175
1,3832.6275
1,3965.06
1,3698.53
1,3595.035
1,3542.175
1,6585.245
1,7315.8225
1,7261.295
1,7056.53
1,4080.795
1,7109.9475
1,6832.8525
1,6514.0225
1,6658.1375
1,5507.455
1,4582.125
1,4081.905
1,4706.21
1,4731.2475
1,4253.8375
1,3802.025
1,3148.7875
1,3558.3125
1,3537.7225
1,3437.5675
1,3656.8
1,3317.9375
1,3285.11
1,3342.9775
1,6082.7975
1,6960.825
1,6857.3325
1,7010.3475
1,3758.0675
1,6837.3
1,6773.3125
1,6340.9725
1,6104.4925
1,4948.2525
1,4173.16
1,3705.21
1,4255.51
1,4144.78
1,3973.9625
1,3759.7375
1,3008.0125
1,3350.7675
1,3350.21
1,3276.7625
1,3252.28
1,2778.7675
1,2567.885
1,2483.865
1,4385.1575
1,4863.1225
1,4766.86
1,4709.5475
1,2518.3575
1,4779.1
1,4900.4
1,4603.27
1,3970.6225
1,2814.9325
1,2844.4225
1,2860.005
1,3273.98
1,3226.685
1,3112.6175
1,2803.805
1,2384.8175
1,2693.0775
1,2603.4975
1,2525.04
1,2402.0675
1,2244.6
1,2188.4025
1,2252.395
1,2872.8025
1,3127.6425
1,3118.74
1,3108.1675
1,2384.82
1,3362.4525
1,3438.1275
1,3206.0975
1,2747.6075
1,2318.6075
1,2112.175
1,2079.345
1,2192.2975
1,2187.8475
1,2200.09
1,2232.3625
1,2279.1
1,2293.0125
1,2365.905
1,2274.6475
1,2260.7375
1,2222.345
1,2308.59
1,2842.2
1,6058.3125
1,7147.7875
1,6890.7175
1,6848.4325
1,3830.405
1,5195.3025
1,7286.8925
1,6763.855
1,6890.7175
1,6057.2
1,5292.12
1,4418.54
1,4766.86
1,4627.755
1,4304.4725
1,4120.8525
1,3193.3
1,3717.4475
1,3664.0325
1,3715.78
1,3776.9875
1,3911.0825
1,3694.635
1,3685.1775
1,6767.195
1,7818.83
1,7605.7175
1,7507.79
1,4181.505
1,7228.465
1,7250.72
1,6791.675
1,6856.2225
1,6185.175
1,5330.5125
1,4686.735
1,5170.82
1,4777.4325
1,4497.5525
1,4118.63
1,3356.8875
1,3932.785
1,3996.7725
1,3965.0575
1,4238.815
1,4009.57
1,3675.16
1,3908.8575
1,6881.26
1,7653.57
1,7196.7475
1,7211.2175
1,3933.3375
1,7339.7525
1,7485.535
1,6968.06
1,7130.535
1,6051.635
1,4994.4325
1,4692.8575
1,5073.4475
1,4695.0825
1,4386.2675
1,4020.1425
1,3239.485
1,3853.2175
1,3876.03
1,3914.42
1,3874.915
1,3616.18
1,3384.1525
1,3636.77
1,6627.5325
1,7537.28
1,7268.5275
1,7025.3725
1,3844.87
1,6951.3675
1,7082.1275
1,6950.255
1,6964.165
1,5701.6475
1,4827.5075
1,4453.035
1,4958.8275
1,5017.805
1,4443.5775
1,4062.985
1,3263.4075
1,3816.4925
1,3905.52
1,3882.7075
1,4041.84
1,3796.4625
1,3684.62
1,3743.045
1,6499.555
1,7572.335
1,7464.39
1,7162.81
1,4037.95
1,7054.86
1,7155.02
1,6514.5775
1,6305.3625
1,5266.5275
1,4371.245
1,4032.3825
1,4251.0575
1,4143.11
1,3873.805
1,3523.8125
1,2911.7475
1,3403.0675
1,3489.87
1,3311.2625
1,3137.6575
1,2988.535
1,2787.115
1,2749.8325
1,4399.62
1,4971.6225
1,4839.195
1,4623.305
1,2649.12
1,4666.145
1,4635.545
1,4292.79
1,3639.5475
1,2719.785
1,2706.4325
1,2726.4625
1,2901.1775
1,2901.7375
1,2833.8525
1,2706.99
1,2323.615
1,2666.925
1,2570.11
1,2622.965
1,2506.6775
1,2382.0375
1,2303.0275
1,2242.9325
1,2611.8425
1,2792.68
1,2801.58
1,2813.265
1,2287.445
1,3169.375
1,3117.63
1,3015.245
1,2527.8225
1,2288.56
1,2177.275
1,2142.2225
1,2145.0025
1,2166.7
1,2168.93
1,2170.6
1,2102.1575
1,2111.0625
1,2060.4275
1,2053.7525
1,2078.7875
1,2192.3
1,2387.6025
1,2944.025
1,6012.1275
1,7014.2425
1,7168.93
1,7104.3825
1,4001.225
1,6024.9275
1,7212.3325
1,6927.9975
1,6985.8675
1,6076.115
1,5194.7475
1,4505.34
1,4522.59
1,4663.3675
1,4542.065
1,4137.5475
1,3421.43
1,3932.7825
1,4008.4575
1,3927.22
1,3947.805
1,3938.35
1,3804.25
1,3813.155
1,6517.915
1,7533.9425
1,7181.725
1,7097.15
1,3853.775
1,7083.24
1,7473.8475
1,6987.535
1,6924.66
1,6054.9725
1,5236.48
1,4784.6625
1,4741.82
1,4818.0475
1,4958.825
1,4563.7675
1,3528.2675
1,3879.9225
1,3895.5025
1,3858.2225
1,3922.21
1,3787.5575
1,3815.935
1,3806.475
1,6619.7425
1,7324.7275
1,7018.1375
1,7307.4775
1,3993.4325
1,6984.7525
1,6889.605
1,6661.4725
1,6684.8425
1,5890.2725
1,5122.4125
1,4489.2075
1,4682.285
1,4429.6675
1,4231.585
1,4049.6325
1,3323.505
1,3854.3275
1,4019.0275
1,3906.6325
1,3966.7275
1,3723.015
1,3748.6075
1,3628.4225
1,6056.0875
1,7058.2025
1,6895.725
1,6992.545
1,3778.0975
1,6771.085
1,7015.36
1,6467.835
1,6629.2
1,5835.7425
1,5087.915
1,4528.7125
1,4569.33
1,4367.905
1,4347.875
1,4032.3825
1,3109.28
1,3504.34
1,3548.3
1,3533.83
1,3635.0975
1,3479.86
1,3479.3025
1,3464.8325
1,6273.09
1,6940.795
1,6732.1375
1,6700.98
1,3558.87
1,6199.6425
1,6277.5425
1,5996.5475
1,6041.065
1,5079.5675
1,4185.3975
1,3731.9175
1,3987.3125
1,3952.8125
1,3799.245
1,3676.83
1,3018.585
1,3425.885
1,3435.9
1,3350.21
1,3385.2675
1,3109.8375
1,2916.76
1,2711.4375
1,4493.655
1,5080.125
1,4983.3075
1,4916.535
1,2788.2275
1,4880.925
1,4927.1075
1,4732.9175
1,4074.115
1,2997.44
1,2819.94
1,2810.4825
1,2957.9325
1,2896.17
1,2896.17
1,2772.09
1,2421.545
1,2676.3875
1,2696.9725
1,2615.1775
1,2584.575
1,2350.325
1,2281.325
1,2271.31
1,2720.3425
1,2822.1675
1,2901.18
1,2901.735
1,2429.335
1,3103.1625
1,3138.215
1,3001.8925
1,2612.9525
1,2428.2225
1,2407.635
1,2290.785
1,2478.8575
1,2367.015
1,2419.875
1,2488.8725
1,2163.9225
1,2247.94
1,2262.4075
1,2286.3325
1,2353.105
1,2380.925
1,2454.375
1,2912.865
1,5905.295
1,7190.6275
1,6940.24
1,6846.205
1,3584.465
1,4701.2
1,7084.9075
1,6943.02
1,7076.0075
1,6340.975
1,5173.045
1,4460.2725
1,4427.9975
1,4512.02
1,4465.8325
1,4203.76
1,3335.745
1,3909.4125
1,3924.4375
1,3951.145
1,3974.5125
1,3580.57
1,3322.9475
1,3346.8725
1,6126.755
1,7305.2525
1,7316.935
1,7048.7425
1,3656.8
1,7002.0025
1,7656.3525
1,7249.055
1,7205.6525
1,5926.44
1,5183.62
1,4576.565
1,5098.485
1,4905.4075
1,4692.2975
1,3996.775
1,3024.7025
1,3719.12
1,3740.82
1,3751.3925
1,4081.905
1,3917.2025
1,3399.73
1,3474.2925
1,6477.295
1,7427.665
1,7039.2825
1,6936.345
1,3874.3575
1,6797.24
1,7021.48
1,6631.425
1,6602.4925
1,5533.6075
1,4532.605
1,4082.46
1,4534.83
1,4670.0425
1,4598.82
1,3985.085
1,2914.5325
1,3588.9175
1,3625.085
1,3542.73
1,3741.375
1,3610.06
1,3548.855
1,3558.3125
1,6229.69
1,7082.6875
1,6989.7625
1,6843.42
1,4010.1275
1,6772.7575
1,6864.01
1,6672.045
1,6541.8425
1,5992.0975
1,5237.035
1,4603.83
1,5012.24
1,4702.3125
1,4526.485
1,4133.095
1,3177.1625
1,3605.05
1,3590.585
1,3514.3525
1,3761.965
1,3416.4225
1,3255.62
1,3579.4575
1,6430.5575
1,7241.265
1,6980.8575
1,6725.46
1,3850.435
1,6431.67
1,6261.9625
1,6021.5875
1,5820.165
1,5047.8525
1,4218.23
1,3987.8675
1,4351.7675
1,4273.87
1,4170.9325
1,3798.685
1,3010.7925
1,3573.89
1,3542.175
1,3375.2525
1,3255.6175
1,2938.46
1,2786.0
1,2671.935
1,4070.7775
1,4524.8175
1,4465.2775
1,4440.795
1,2885.6
1,4426.8875
1,4375.1375
1,4142.0
1,3501.5575
1,2701.42
1,2720.3425
1,2794.345
1,2943.465
1,2961.83
1,2826.0625
1,2596.8175
1,2447.14
1,2526.1525
1,2485.5325
1,2402.07
1,2453.815
1,2403.74
1,2419.3175
1,2320.8325
1,2728.6875
1,2862.2275
1,2948.475
1,2841.085
1,2348.655
1,3041.955
1,3192.7475
1,3137.1025
1,2724.795
1,2494.435
1,2536.7225
1,2339.1925
1,2320.8325
1,2359.7825
1,2390.385
1,2393.7275
1,2388.7175
1,2250.7225
1,2244.6
1,2261.85
1,2368.125
1,2435.455
1,2689.1825
1,3388.05
1,6324.8375
1,7047.63
1,7047.63
1,7138.8825
1,4283.325
1,5949.25
1,6881.815
1,6616.96
1,6840.6425
1,5895.28
1,5021.7
1,4417.4225
1,4700.6425
1,4820.83
1,4384.0425
1,4300.0225
1,3593.3675
1,4003.4475
1,3838.75
1,3726.9075
1,3944.47
1,3649.01
1,3329.065
1,3677.3875
1,6537.39
1,7470.51
1,7188.96
1,7180.06
1,3970.065
1,6885.71
1,6985.31
1,6686.51
1,6744.935
1,5856.3325
1,4848.095
1,4281.66
1,4570.9975
1,4507.57
1,4548.185
1,4175.385
1,3366.905
1,3732.4725
1,3697.9725
1,3566.1025
1,3814.8225
1,3815.935
1,3612.8425
1,3554.975
1,6482.8625
1,7267.415
1,6876.8075
1,6939.1275
1,4323.95
1,6961.9375
1,7191.7425
1,6901.29
1,6719.8975
1,5659.3575
1,4840.3075
1,4331.18
1,4599.3775
1,4606.05
1,4432.45
1,4064.0975
1,3356.8875
1,3779.77
1,3818.7175
1,3753.6175
1,3739.1475
1,3454.26
1,3321.8325
1,3451.48
1,6113.955
1,6976.405
1,6723.235
1,6534.6075
1,3375.25
1,6486.2
1,6873.4675
1,6502.3375
1,6634.7625
1,5607.6075
1,4456.9325
1,4095.26
1,4382.9275
1,4370.6875
1,4437.4575
1,4214.89
1,3718.005
1,3863.7875
1,3692.9675
1,3504.3425
1,3553.3075
1,3449.8125
1,3334.6325
1,3621.745
1,6172.935
1,6820.6075
1,6899.065
1,6801.6925
1,3629.5375
1,6344.315
1,6420.5425
1,6108.9475
1,5754.505
1,4735.7
1,3812.595
1,3621.7425
1,4097.4825
1,3973.4
1,3827.065
1,3593.9225
1,2921.2125
1,3370.2425
1,3289.5625
1,3153.7975
1,3171.5975
1,2775.4325
1,2643.0
1,2616.29
1,4159.2475
1,4677.83
1,4531.4925
1,4239.3725
1,2368.685
1,4112.5075
1,4020.7
1,3759.1825
1,3294.0125
1,2481.08
1,2431.0
1,2570.1125
1,2779.8825
1,2626.305
1,2555.0825
1,2398.1725
1,2210.66
1,2305.81
1,2177.8325
1,2127.1975
1,2074.8925
1,1994.77
1,2002.56
1,1983.085
1,2464.39
1,2581.79
1,2530.045
1,2470.51
1,1958.6
1,2681.395
1,2593.48
1,2555.6425
1,2317.495
1,2025.3725
1,2005.34
1,1954.15
1,1919.095
1,1960.83
1,1959.1575
1,1944.695
1,1890.1625
1,1946.92
1,1960.83
1,1958.605
1,1978.0775
1,2027.0425
1,2448.25
1,3082.575
1,4007.345
1,6735.4775
1,6955.8225
1,6770.5325
1,3898.8425
1,5521.92
1,7180.6125
1,6676.495
1,6669.8175
1,5635.9875
1,4569.3275
1,3969.51
1,4304.4725
1,4370.6875
1,4526.4875
1,4233.2525
1,3068.66
1,3628.42
1,3775.3175
1,3659.025
1,3685.7325
1,3527.71
1,3394.17
1,3701.315
1,6369.91
1,7355.885
1,7037.61
1,7082.1275
1,4093.5875
1,7010.905
1,7181.725
1,6936.9
1,7035.3875
1,5880.26
1,4739.595
1,4399.6225
1,4895.3925
1,4689.5175
1,4769.0875
1,4337.3025
1,3223.9025
1,3878.255
1,3919.43
1,3837.0825
1,3748.6075
1,3376.3625
1,3216.1125
1,3596.7075
1,6622.525
1,7458.2675
1,7180.0575
1,7360.895
1,4252.7275
1,6663.1425
1,7385.3775
1,6920.765
1,6521.81
1,5500.2225
1,4468.06
1,3995.66
1,4505.8975
1,4503.115
1,4568.775
1,4301.69
1,3193.8575
1,3769.2
1,3745.825
1,3702.9825
1,3682.95
1,3280.1
1,3153.24
1,3573.8925
1,6453.925
1,7228.465
1,6930.7825
1,7061.5375
1,3783.6625
1,6660.36
1,6723.79
1,6649.7925
1,6547.9625
1,5575.34
1,4698.975
1,4117.515
1,4400.1775
1,4232.6975
1,4421.3225
1,4128.6425
1,3073.67
1,3781.435
1,3844.31
1,3813.155
1,3542.7325
1,3235.0325
1,3115.9575
1,3379.7025
1,6355.4425
1,7245.715
1,6768.3075
1,6481.19
1,3439.7975
1,6339.3075
1,6391.61
1,5982.0825
1,5817.9375
1,4821.3875
1,3823.725
1,3733.5875
1,3962.2725
1,3943.3575
1,3844.8675
1,3639.55
1,2820.4975
1,3465.3875
1,3509.9025
1,3262.8525
1,3285.11
1,2794.345
1,2587.3575
1,2609.06
1,3876.585
1,4231.58
1,4128.645
1,3957.265
1,2574.5625
1,3881.0375
1,3813.155
1,3661.25
1,3193.855
1,2550.635
1,2543.4
1,2433.7875
1,2574.0025
1,2597.9275
1,2555.64
1,2476.63
1,2185.6225
1,2400.9575
1,2338.0825
1,2324.1725
1,2262.965
1,2178.945
1,2201.7575
1,2187.2925
1,2508.9025
1,2654.6825
1,2639.66
1,2561.205
1,2116.07
1,2417.0925
1,2370.9075
1,2413.1975
1,2408.19
1,2479.4125
1,2370.35
1,2170.6
1,2141.665
1,2227.3525
1,2161.695
1,2078.7875
1,1979.19
1,2074.895
1,2075.45
1,2077.675
1,2131.65
1,2196.75
1,2609.0575
1,3378.5875
1,6258.625
1,7511.1275
1,7246.2725
1,7242.3775
1,4088.585
1,5976.52
1,7015.355
1,6964.1675
1,6890.7175
1,5706.655
1,4689.515
1,4229.3575
1,4531.495
1,4491.9875
1,4302.805
1,4159.8025
1,3282.8825
1,3908.86
1,3812.5975
1,3650.1225
1,3662.9175
1,3370.8
1,3199.9775
1,3554.415
1,6455.5975
1,7230.6925
1,7096.0375
1,7234.585
1,4004.5625
1,6991.9875
1,7127.2
1,6995.3275
1,6790.5625
1,5421.7675
1,4474.1825
1,4080.235
1,4510.9075
1,4459.1575
1,4361.785
1,4218.785
1,3279.545
1,3654.015
1,3692.4075
1,3593.37
1,3613.955
1,3543.8475
1,3505.4525
1,3865.4575
1,6688.7375
1,7802.6925
1,7377.03
1,7134.4325
1,4221.5675
1,6911.3075
1,6901.2925
1,6675.94
1,6867.3475
1,5634.32
1,4592.6975
1,4374.5825
1,5166.37
1,5411.7525
1,5156.91
1,5111.28
1,3434.2325
1,4044.0675
1,4040.7275
1,3829.29
1,3921.655
1,3926.6625
1,3824.28
1,3992.32
1,6699.865
1,7732.0275
1,7443.245
1,7387.6025
1,4318.3825
1,7154.4625
1,7438.2375
1,7064.32
1,6958.6025
1,5497.44
1,4641.1075
1,4509.2375
1,5399.5075
1,5339.42
1,5412.3075
1,4383.4825
1,3548.855
1,4189.85
1,4261.6275
1,4053.5275
1,3990.095
1,3680.7275
1,3581.125
1,3970.0625
1,6667.0375
1,7542.2875
1,7402.625
1,7163.3675
1,4140.33
1,6944.69
1,7007.01
1,6595.26
1,6370.4625
1,5088.4675
1,4137.545
1,3928.8875
1,4398.5075
1,4406.8525
1,4234.9225
1,3969.5075
1,3230.0275
1,3708.5475
1,3723.0125
1,3602.825
1,3586.6925
1,3223.9025
1,2934.0075
1,2795.4575
1,3997.33
1,4262.74
1,4150.3475
1,4065.2125
1,2762.63
1,3941.13
1,3860.45
1,3688.5125
1,3260.0725
1,2502.225
1,2485.5325
1,2484.4175
1,2734.2525
1,2666.37
1,2625.195
1,2520.03
1,2384.8225
1,2581.2375
1,2543.4
1,2556.1975
1,2554.5275
1,2476.075
1,2467.725
1,2462.72
1,2706.9875
1,2783.2175
1,2866.68
1,2860.5625
1,2454.93
1,3038.6175
1,2976.8525
1,2794.345
1,2484.42
1,2244.045
1,1993.6575
1,1964.1675
1,2004.2275
1,2028.7125
1,2005.34
1,2005.895
1,2007.0075
1,2011.46
1,2017.0275
1,2039.2825
1,2094.925
1,2165.0325
1,2637.435
1,3483.1975
1,6488.425
1,7626.3075
1,7611.2825
1,7649.12
1,4152.5725
1,5794.0125
1,7497.2175
1,7520.5875
1,7237.37
1,6215.2225
1,5058.98
1,4463.6125
1,4656.13
1,4750.725
1,4762.4075
1,4422.435
1,3799.8
1,4192.635
1,4075.7825
1,4020.1425
1,4031.8275
1,3735.81
1,3500.445
1,3776.9875
1,6230.8
1,6723.7925
1,6975.85
1,6900.735
1,3997.885
1,6804.475
1,7076.005
1,7036.5025
1,6726.0175
1,5617.6275
1,4663.9225
1,4187.0675
1,4670.5975
1,4742.375
1,4483.64
1,4178.1625
1,3363.0125
1,3877.7
1,3912.755
1,3815.38
1,3805.92
1,3514.355
1,3522.145
1,3867.6825
1,6603.605
1,6981.9725
1,6685.4
1,6880.1475
1,4022.3675
1,7091.585
1,7470.5075
1,7106.0525
1,6917.9825
1,5462.385
1,4502.0025
1,4244.935
1,4877.03
1,4750.7225
1,4404.0725
1,4038.505
1,3512.13
1,3929.445
1,4022.37
1,3833.74
1,3833.74
1,3694.6375
1,3553.865
1,3982.86
1,6150.1225
1,7049.3
1,6981.97
1,6767.19
1,4063.545
1,6773.87
1,6961.3825
1,6780.5475
1,6408.86
1,5356.1075
1,4304.475
1,4103.05
1,4373.4725
1,4480.86
1,4414.0875
1,4258.29
1,3518.8075
1,3690.74
1,3699.6425
1,3650.1225
1,3653.46
1,3568.3275
1,3617.295
1,4110.2825
1,6656.4625
1,7504.4525
1,7225.6825
1,6733.8075
1,3598.93
1,6566.88
1,6640.885
1,6401.6225
1,6462.8275
1,5279.3225
1,4148.675
1,3979.525
1,4316.16
1,4240.485
1,4076.895
1,3867.1275
1,3186.6225
1,3675.72
1,3682.9475
1,3571.6675
1,3512.13
1,3187.7325
1,3014.6875
1,3010.7975
1,4126.42
1,4470.8425
1,4295.0125
1,4051.3025
1,2660.805
1,3812.5975
1,3681.28
1,3449.255
1,3003.5625
1,2296.35
1,2257.4
1,2260.7375
1,2445.4725
1,2467.7275
1,2443.8
1,2480.525
1,2241.8225
1,2442.1325
1,2398.175
1,2363.675
1,2402.625
1,2339.195
1,2316.9375
1,2310.26
1,2673.0475
1,2713.1075
1,2671.375
1,2549.5225
1,2070.445
1,2423.7725
1,2382.0375
1,2293.01
1,2150.0125
1,2105.4975
1,2110.5075
1,2086.58
1,2083.8
1,2097.15
1,2086.58
1,2043.735
1,1998.6625
1,2055.4225
1,2114.955
1,2133.32
1,2189.5175
1,2277.4325
1,2462.7175
1,3197.755
1,5868.5725
1,6928.0
1,6947.475
1,7309.1475
1,4558.7575
1,6206.875
1,7188.405
1,7195.0825
1,7363.12
1,6203.5375
1,5076.7875
1,5061.205
1,5558.09
1,5628.7525
1,5160.25
1,4614.955
1,3995.6625
1,4484.195
1,4350.6575
1,4084.13
1,4060.765
1,3957.8225
1,3787.0025
1,4337.3025
1,6985.31
1,8147.6725
1,7949.0325
1,7532.8275
1,4453.04
1,7301.3575
1,7626.3075
1,7327.5075
1,7493.3225
1,6138.435
1,4887.0475
1,4736.255
1,5326.0625
1,5388.3825
1,5259.2925
1,4513.69
1,3968.95
1,4267.75
1,4037.95
1,4036.8375
1,4069.665
1,3809.815
1,3694.6325
1,4188.18
1,7126.0825
1,8018.5825
1,7565.6575
1,7512.7975
1,4369.015
1,7168.3725
1,7187.845
1,7072.6675
1,7153.9075
1,5726.13
1,4495.8825
1,4200.9775
1,4697.8625
1,4687.2925
1,4556.5325
1,4374.025
1,3743.6
1,4007.3425
1,3982.305
1,3923.88
1,3980.635
1,3715.7825
1,3966.725
1,4483.085
1,7054.305
1,7757.625
1,7507.2325
1,7323.6125
1,4497.5525
1,6935.2325
1,7076.565
1,7006.455
1,6754.395
1,5715.5575
1,4562.095
1,4335.075
1,5093.4775
1,5071.7775
1,4738.48
1,4512.02
1,3734.6975
1,4206.5475
1,4128.645
1,4126.42
1,4105.2775
1,3897.7275
1,3926.665
1,4262.7375
1,6833.4075
1,7412.6425
1,7157.245
1,6471.1775
1,4048.52
1,6033.83
1,5857.445
1,5072.3325
1,4138.1025
1,3611.175
1,3462.6075
1,3355.7775
1,3611.73
1,3508.7925
1,3299.02
1,3095.9275
1,2616.2925
1,2723.125
1,2689.1825
1,2607.3875
1,2572.335
1,2447.14
1,2459.38
1,2469.955
1,2849.9875
1,2974.625
1,2905.075
1,2856.11
1,2364.7875
1,2697.53
1,2586.2475
1,2438.7925
1,2148.345
1,2044.8475
1,2042.065
1,2043.735
1,2066.545
1,2050.4075
1,2030.9375
1,1985.31
